"map_version","operation","entity","support_allowed","actual_result","reject_codes","json_paths","affected_refs"
"cimc_v01","name_only_not_geometry","F_CR001","true","changed","","","facilities/F_CR001"
"cimc_v01","node_position","N_CR_e4b47e7288","true","changed","","","nodes/N_CR_e4b47e7288;roads/R_CR_f3f8cfbf8b;movements/M_CR_c4646caf63;movements/M_CR_fa559f3214;movements/M_CR_537f521b70;movements/M_CR_b7e5c3d6fe;movements/M_CR_5454c8a6f4;movements/M_CR_b610889257;junctions/J_CR_33df6f0e08;resources/RES_J_CR_33df6f0e08;sources/source_editor_geometry"
"cimc_v01","node_translate","nodes/N_CR_e4b47e7288","true","changed","","","nodes/N_CR_e4b47e7288;roads/R_CR_f3f8cfbf8b;movements/M_CR_c4646caf63;movements/M_CR_fa559f3214;movements/M_CR_537f521b70;movements/M_CR_b7e5c3d6fe;movements/M_CR_5454c8a6f4;movements/M_CR_b610889257;junctions/J_CR_33df6f0e08;resources/RES_J_CR_33df6f0e08;sources/source_editor_geometry"
"cimc_v01","road_translate","roads/R_CR_f3f8cfbf8b","true","changed","","","nodes/N_CR_33df6f0e08;nodes/N_CR_e4b47e7288;roads/R_CR_f3f8cfbf8b;roads/R_CR_7b77973d10;roads/R_CR_bcfd9b6e95;movements/M_CR_c4646caf63;movements/M_CR_fa559f3214;movements/M_CR_537f521b70;movements/M_CR_b7e5c3d6fe;movements/M_CR_5454c8a6f4;movements/M_CR_b610889257;movements/M_CR_71a0fa3935;movements/M_CR_8ceabc7cbd;movements/M_CR_21c03888c1;movements/M_CR_34589ec264;movements/M_CR_a69e6e15ac;movements/M_CR_1943b8f3c1;movements/M_CR_d0024d23e3;movements/M_CR_592375ffa9;movements/M_CR_ca6b9063e9;movements/M_CR_6796434d90;movements/M_CR_7c355e2231;movements/M_CR_2856ec0b73;junctions/J_CR_33df6f0e08;junctions/J_CR_4919a843cd;junctions/J_CR_58611c2314;resources/RES_J_CR_33df6f0e08;resources/RES_J_CR_4919a843cd;resources/RES_J_CR_58611c2314;sources/source_editor_geometry"
"cimc_v01","road_shapePoints","R_CR_f3f8cfbf8b","true","changed","","","roads/R_CR_f3f8cfbf8b;movements/M_CR_c4646caf63;movements/M_CR_fa559f3214;movements/M_CR_537f521b70;movements/M_CR_b7e5c3d6fe;movements/M_CR_5454c8a6f4;movements/M_CR_b610889257;junctions/J_CR_33df6f0e08;resources/RES_J_CR_33df6f0e08;sources/source_editor_geometry"
"cimc_v01","node_rotate","nodes/N_CR_e4b47e7288","false","rejected","OPERATION_DEPENDENCIES_UNSUPPORTED","",""
"cimc_v01","road_rotate","roads/R_CR_f3f8cfbf8b","false","rejected","OPERATION_DEPENDENCIES_UNSUPPORTED","",""
"cimc_v01","zone_boundary","Z_CR001","true","changed","","","zones/Z_CR001;sources/source_editor_geometry"
"cimc_v01","road_direction","R_CR_f3f8cfbf8b","true","rejected","ARC_DIRECTION_CONFLICT","/movements/M_CR_537f521b70/outgoingArc;/movements/M_CR_5454c8a6f4/outgoingArc","roads/R_CR_f3f8cfbf8b;movements/M_CR_c4646caf63;movements/M_CR_fa559f3214;movements/M_CR_537f521b70;movements/M_CR_b7e5c3d6fe;movements/M_CR_5454c8a6f4;movements/M_CR_b610889257;junctions/J_CR_33df6f0e08;resources/RES_J_CR_33df6f0e08"
"cimc_v01","boundary","F_CR001","true","changed","","","facilities/F_CR001;sources/source_editor_geometry"
"cimc_v01","boundary_translate","facilities/F_CR001","true","changed","","","facilities/F_CR001;sources/source_editor_geometry"
"cimc_v01","boundary_rotate","facilities/F_CR001","true","changed","","","facilities/F_CR001;sources/source_editor_geometry"
"cimc_v01","add_node","N_GA01_probe_add","false","rejected","OPERATION_DEPENDENCIES_UNSUPPORTED","",""
"cimc_v01","copy_boundary","facilities/F_CR001","false","rejected","OPERATION_DEPENDENCIES_UNSUPPORTED","",""
"cimc_v01","delete_boundary","facilities/F_CR001","false","rejected","OPERATION_DEPENDENCIES_UNSUPPORTED","",""
"cimc_v01","split_road","R_CR_f3f8cfbf8b","false","rejected","OPERATION_DEPENDENCIES_UNSUPPORTED","",""
"cimc_v01","no_op_boundary","F_CR001","true","no_op","","",""
"cimc_v01","road_widthM_design_assumption","R_CR_f3f8cfbf8b","true","changed","","","roads/R_CR_f3f8cfbf8b;movements/M_CR_c4646caf63;movements/M_CR_fa559f3214;movements/M_CR_537f521b70;movements/M_CR_b7e5c3d6fe;movements/M_CR_5454c8a6f4;movements/M_CR_b610889257;junctions/J_CR_33df6f0e08;resources/RES_J_CR_33df6f0e08;sources/SRC_GA01_parameter_probe"
"cimc_v01","road_heightLimitM_design_assumption","R_CR_f3f8cfbf8b","true","changed","","","roads/R_CR_f3f8cfbf8b;movements/M_CR_c4646caf63;movements/M_CR_fa559f3214;movements/M_CR_537f521b70;movements/M_CR_b7e5c3d6fe;movements/M_CR_5454c8a6f4;movements/M_CR_b610889257;junctions/J_CR_33df6f0e08;resources/RES_J_CR_33df6f0e08;sources/SRC_GA01_parameter_probe"
"cimc_v01","road_massLimitKg_design_assumption","R_CR_f3f8cfbf8b","true","changed","","","roads/R_CR_f3f8cfbf8b;movements/M_CR_c4646caf63;movements/M_CR_fa559f3214;movements/M_CR_537f521b70;movements/M_CR_b7e5c3d6fe;movements/M_CR_5454c8a6f4;movements/M_CR_b610889257;junctions/J_CR_33df6f0e08;resources/RES_J_CR_33df6f0e08;sources/SRC_GA01_parameter_probe"
"cimc_v01","road_speedLimitMps_design_assumption","R_CR_f3f8cfbf8b","true","changed","","","roads/R_CR_f3f8cfbf8b;movements/M_CR_c4646caf63;movements/M_CR_fa559f3214;movements/M_CR_537f521b70;movements/M_CR_b7e5c3d6fe;movements/M_CR_5454c8a6f4;movements/M_CR_b610889257;junctions/J_CR_33df6f0e08;resources/RES_J_CR_33df6f0e08;sources/SRC_GA01_parameter_probe"
"cimc_v01","road_width_speed_design_assumption","R_CR_f3f8cfbf8b","true","changed","","","roads/R_CR_f3f8cfbf8b;movements/M_CR_c4646caf63;movements/M_CR_fa559f3214;movements/M_CR_537f521b70;movements/M_CR_b7e5c3d6fe;movements/M_CR_5454c8a6f4;movements/M_CR_b610889257;junctions/J_CR_33df6f0e08;resources/RES_J_CR_33df6f0e08;sources/SRC_GA01_B_parameter_test"
"cimc_v01","staticMove_expected_blocked","facilities/F_CR006","false","rejected","STATIC_SHARED_NODE","/nodes/N_CR_11733dacf7",""
"cimc_v02","name_only_not_geometry","F_CR001","true","changed","","","facilities/F_CR001"
"cimc_v02","node_position","N_CR_e6c5d9022b","true","changed","","","nodes/N_CR_e6c5d9022b;roads/R_CR_50530d1b95;movements/M_CR_420ca36bb9;movements/M_CR_991fa3f400;movements/M_CR_c755f28938;movements/M_CR_ce36289b3e;movements/M_CR_2299a994e0;movements/M_CR_1b88fb41af;junctions/J_CR_de6aba3c0d;resources/RES_J_CR_de6aba3c0d;sources/source_editor_geometry"
"cimc_v02","node_translate","nodes/N_CR_e6c5d9022b","true","changed","","","nodes/N_CR_e6c5d9022b;roads/R_CR_50530d1b95;movements/M_CR_420ca36bb9;movements/M_CR_991fa3f400;movements/M_CR_c755f28938;movements/M_CR_ce36289b3e;movements/M_CR_2299a994e0;movements/M_CR_1b88fb41af;junctions/J_CR_de6aba3c0d;resources/RES_J_CR_de6aba3c0d;sources/source_editor_geometry"
"cimc_v02","road_translate","roads/R_CR_50530d1b95","true","changed","","","nodes/N_CR_de6aba3c0d;nodes/N_CR_e6c5d9022b;roads/R_CR_50530d1b95;roads/R_CR_de44e8328f;roads/R_CR_500a5b6450;movements/M_CR_947cc2f5c0;movements/M_CR_4460ef3b1c;movements/M_CR_8932fdfb57;movements/M_CR_61a04ccda7;movements/M_CR_6f023a35f7;movements/M_CR_36fb0ade12;movements/M_CR_420ca36bb9;movements/M_CR_991fa3f400;movements/M_CR_c755f28938;movements/M_CR_ce36289b3e;movements/M_CR_2299a994e0;movements/M_CR_1b88fb41af;junctions/J_CR_9d25489cad;junctions/J_CR_de6aba3c0d;resources/RES_J_CR_9d25489cad;resources/RES_J_CR_de6aba3c0d;sources/source_editor_geometry"
"cimc_v02","road_shapePoints","R_CR_50530d1b95","true","changed","","","roads/R_CR_50530d1b95;movements/M_CR_420ca36bb9;movements/M_CR_991fa3f400;movements/M_CR_c755f28938;movements/M_CR_ce36289b3e;movements/M_CR_2299a994e0;movements/M_CR_1b88fb41af;junctions/J_CR_de6aba3c0d;resources/RES_J_CR_de6aba3c0d;sources/source_editor_geometry"
"cimc_v02","node_rotate","nodes/N_CR_e6c5d9022b","false","rejected","OPERATION_DEPENDENCIES_UNSUPPORTED","",""
"cimc_v02","road_rotate","roads/R_CR_50530d1b95","false","rejected","OPERATION_DEPENDENCIES_UNSUPPORTED","",""
"cimc_v02","zone_boundary","Z_CR001","true","changed","","","zones/Z_CR001;sources/source_editor_geometry"
"cimc_v02","road_direction","R_CR_50530d1b95","true","rejected","ARC_DIRECTION_CONFLICT","/movements/M_CR_c755f28938/incomingArc;/movements/M_CR_ce36289b3e/incomingArc","roads/R_CR_50530d1b95;movements/M_CR_420ca36bb9;movements/M_CR_991fa3f400;movements/M_CR_c755f28938;movements/M_CR_ce36289b3e;movements/M_CR_2299a994e0;movements/M_CR_1b88fb41af;junctions/J_CR_de6aba3c0d;resources/RES_J_CR_de6aba3c0d"
"cimc_v02","boundary","F_CR001","true","changed","","","facilities/F_CR001;sources/source_editor_geometry"
"cimc_v02","boundary_translate","facilities/F_CR001","true","changed","","","facilities/F_CR001;sources/source_editor_geometry"
"cimc_v02","boundary_rotate","facilities/F_CR001","true","changed","","","facilities/F_CR001;sources/source_editor_geometry"
"cimc_v02","add_node","N_GA01_probe_add","false","rejected","OPERATION_DEPENDENCIES_UNSUPPORTED","",""
"cimc_v02","copy_boundary","facilities/F_CR001","false","rejected","OPERATION_DEPENDENCIES_UNSUPPORTED","",""
"cimc_v02","delete_boundary","facilities/F_CR001","false","rejected","OPERATION_DEPENDENCIES_UNSUPPORTED","",""
"cimc_v02","split_road","R_CR_50530d1b95","false","rejected","OPERATION_DEPENDENCIES_UNSUPPORTED","",""
"cimc_v02","no_op_boundary","F_CR001","true","no_op","","",""
"cimc_v02","road_widthM_design_assumption","R_CR_50530d1b95","true","changed","","","roads/R_CR_50530d1b95;movements/M_CR_420ca36bb9;movements/M_CR_991fa3f400;movements/M_CR_c755f28938;movements/M_CR_ce36289b3e;movements/M_CR_2299a994e0;movements/M_CR_1b88fb41af;junctions/J_CR_de6aba3c0d;resources/RES_J_CR_de6aba3c0d;sources/SRC_GA01_parameter_probe"
"cimc_v02","road_heightLimitM_design_assumption","R_CR_50530d1b95","true","changed","","","roads/R_CR_50530d1b95;movements/M_CR_420ca36bb9;movements/M_CR_991fa3f400;movements/M_CR_c755f28938;movements/M_CR_ce36289b3e;movements/M_CR_2299a994e0;movements/M_CR_1b88fb41af;junctions/J_CR_de6aba3c0d;resources/RES_J_CR_de6aba3c0d;sources/SRC_GA01_parameter_probe"
"cimc_v02","road_massLimitKg_design_assumption","R_CR_50530d1b95","true","changed","","","roads/R_CR_50530d1b95;movements/M_CR_420ca36bb9;movements/M_CR_991fa3f400;movements/M_CR_c755f28938;movements/M_CR_ce36289b3e;movements/M_CR_2299a994e0;movements/M_CR_1b88fb41af;junctions/J_CR_de6aba3c0d;resources/RES_J_CR_de6aba3c0d;sources/SRC_GA01_parameter_probe"
"cimc_v02","road_speedLimitMps_design_assumption","R_CR_50530d1b95","true","changed","","","roads/R_CR_50530d1b95;movements/M_CR_420ca36bb9;movements/M_CR_991fa3f400;movements/M_CR_c755f28938;movements/M_CR_ce36289b3e;movements/M_CR_2299a994e0;movements/M_CR_1b88fb41af;junctions/J_CR_de6aba3c0d;resources/RES_J_CR_de6aba3c0d;sources/SRC_GA01_parameter_probe"
"cimc_v02","road_width_speed_design_assumption","R_CR_50530d1b95","true","changed","","","roads/R_CR_50530d1b95;movements/M_CR_420ca36bb9;movements/M_CR_991fa3f400;movements/M_CR_c755f28938;movements/M_CR_ce36289b3e;movements/M_CR_2299a994e0;movements/M_CR_1b88fb41af;junctions/J_CR_de6aba3c0d;resources/RES_J_CR_de6aba3c0d;sources/SRC_GA01_B_parameter_test"
"cimc_v02","staticMove_expected_blocked","facilities/F_CR009","false","rejected","STATIC_SHARED_NODE","/nodes/N_CR_f79e0f8c95",""
"dalian_v01","name_only_not_geometry","F_DL002","true","changed","","","facilities/F_DL002"
"dalian_v01","node_position","N_DL_b3d5453746","true","changed","","","nodes/N_DL_b3d5453746;roads/R_DL_dd4384110c;movements/M_DL_4699a32598;movements/M_DL_0786b02b47;movements/M_DL_fa44ec9736;movements/M_DL_3645660335;movements/M_DL_d9df3ddbe2;movements/M_DL_98f414112a;movements/M_DL_7b9ac022b0;movements/M_DL_770e98effc;movements/M_DL_0a8bc29da8;movements/M_DL_8ff775e370;movements/M_DL_7e58da019b;movements/M_DL_82f1223205;junctions/J_DL_50a0d0cfde;resources/RES_J_DL_50a0d0cfde;sources/source_editor_geometry"
"dalian_v01","node_translate","nodes/N_DL_b3d5453746","true","changed","","","nodes/N_DL_b3d5453746;roads/R_DL_dd4384110c;movements/M_DL_4699a32598;movements/M_DL_0786b02b47;movements/M_DL_fa44ec9736;movements/M_DL_3645660335;movements/M_DL_d9df3ddbe2;movements/M_DL_98f414112a;movements/M_DL_7b9ac022b0;movements/M_DL_770e98effc;movements/M_DL_0a8bc29da8;movements/M_DL_8ff775e370;movements/M_DL_7e58da019b;movements/M_DL_82f1223205;junctions/J_DL_50a0d0cfde;resources/RES_J_DL_50a0d0cfde;sources/source_editor_geometry"
"dalian_v01","road_translate","roads/R_DL_dd4384110c","true","changed","","","nodes/N_DL_50a0d0cfde;nodes/N_DL_b3d5453746;roads/R_DL_dd4384110c;roads/R_DL_1802a3aee6;roads/R_DL_d96de5bcf7;roads/R_DL_3798ff8fe6;movements/M_DL_683244af8b;movements/M_DL_20a72b765b;movements/M_DL_4699a32598;movements/M_DL_0786b02b47;movements/M_DL_fa44ec9736;movements/M_DL_3645660335;movements/M_DL_d9df3ddbe2;movements/M_DL_98f414112a;movements/M_DL_7b9ac022b0;movements/M_DL_770e98effc;movements/M_DL_0a8bc29da8;movements/M_DL_8ff775e370;movements/M_DL_7e58da019b;movements/M_DL_82f1223205;movements/M_DL_ced94f6659;movements/M_DL_15a3b4f1b4;movements/M_DL_1118999a1b;movements/M_DL_b381f20a4a;movements/M_DL_68ff8ffda3;movements/M_DL_720eed8fa9;movements/M_DL_37f170ebcb;movements/M_DL_aadf0a20b9;movements/M_DL_d4933786b5;movements/M_DL_c2e0785323;movements/M_DL_5db537a7c0;movements/M_DL_182ea77fd1;junctions/J_DL_41b00c0e8f;junctions/J_DL_50a0d0cfde;junctions/J_DL_70c474255d;junctions/J_DL_c884efaccc;resources/RES_J_DL_50a0d0cfde;resources/RES_J_DL_70c474255d;resources/RES_J_DL_c884efaccc;sources/source_editor_geometry"
"dalian_v01","road_shapePoints","R_DL_dd4384110c","true","changed","","","roads/R_DL_dd4384110c;movements/M_DL_4699a32598;movements/M_DL_0786b02b47;movements/M_DL_fa44ec9736;movements/M_DL_3645660335;movements/M_DL_d9df3ddbe2;movements/M_DL_98f414112a;movements/M_DL_7b9ac022b0;movements/M_DL_770e98effc;movements/M_DL_0a8bc29da8;movements/M_DL_8ff775e370;movements/M_DL_7e58da019b;movements/M_DL_82f1223205;junctions/J_DL_50a0d0cfde;resources/RES_J_DL_50a0d0cfde;sources/source_editor_geometry"
"dalian_v01","node_rotate","nodes/N_DL_b3d5453746","false","rejected","OPERATION_DEPENDENCIES_UNSUPPORTED","",""
"dalian_v01","road_rotate","roads/R_DL_dd4384110c","false","rejected","OPERATION_DEPENDENCIES_UNSUPPORTED","",""
"dalian_v01","zone_boundary","Z_DL001","true","changed","","","zones/Z_DL001;sources/source_editor_geometry"
"dalian_v01","road_direction","R_DL_dd4384110c","true","rejected","ARC_DIRECTION_CONFLICT","/movements/M_DL_7b9ac022b0/incomingArc;/movements/M_DL_770e98effc/incomingArc;/movements/M_DL_0a8bc29da8/incomingArc","roads/R_DL_dd4384110c;movements/M_DL_4699a32598;movements/M_DL_0786b02b47;movements/M_DL_fa44ec9736;movements/M_DL_3645660335;movements/M_DL_d9df3ddbe2;movements/M_DL_98f414112a;movements/M_DL_7b9ac022b0;movements/M_DL_770e98effc;movements/M_DL_0a8bc29da8;movements/M_DL_8ff775e370;movements/M_DL_7e58da019b;movements/M_DL_82f1223205;junctions/J_DL_50a0d0cfde;resources/RES_J_DL_50a0d0cfde"
"dalian_v01","boundary","F_DL002","true","changed","","","facilities/F_DL002;sources/source_editor_geometry"
"dalian_v01","boundary_translate","facilities/F_DL002","true","changed","","","facilities/F_DL002;sources/source_editor_geometry"
"dalian_v01","boundary_rotate","facilities/F_DL002","true","changed","","","facilities/F_DL002;sources/source_editor_geometry"
"dalian_v01","add_node","N_GA01_probe_add","false","rejected","OPERATION_DEPENDENCIES_UNSUPPORTED","",""
"dalian_v01","copy_boundary","facilities/F_DL002","false","rejected","OPERATION_DEPENDENCIES_UNSUPPORTED","",""
"dalian_v01","delete_boundary","facilities/F_DL002","false","rejected","OPERATION_DEPENDENCIES_UNSUPPORTED","",""
"dalian_v01","split_road","R_DL_dd4384110c","false","rejected","OPERATION_DEPENDENCIES_UNSUPPORTED","",""
"dalian_v01","no_op_boundary","F_DL002","true","no_op","","",""
"dalian_v01","road_widthM_design_assumption","R_DL_dd4384110c","true","changed","","","roads/R_DL_dd4384110c;movements/M_DL_4699a32598;movements/M_DL_0786b02b47;movements/M_DL_fa44ec9736;movements/M_DL_3645660335;movements/M_DL_d9df3ddbe2;movements/M_DL_98f414112a;movements/M_DL_7b9ac022b0;movements/M_DL_770e98effc;movements/M_DL_0a8bc29da8;movements/M_DL_8ff775e370;movements/M_DL_7e58da019b;movements/M_DL_82f1223205;junctions/J_DL_50a0d0cfde;resources/RES_J_DL_50a0d0cfde;sources/SRC_GA01_parameter_probe"
"dalian_v01","road_heightLimitM_design_assumption","R_DL_dd4384110c","true","changed","","","roads/R_DL_dd4384110c;movements/M_DL_4699a32598;movements/M_DL_0786b02b47;movements/M_DL_fa44ec9736;movements/M_DL_3645660335;movements/M_DL_d9df3ddbe2;movements/M_DL_98f414112a;movements/M_DL_7b9ac022b0;movements/M_DL_770e98effc;movements/M_DL_0a8bc29da8;movements/M_DL_8ff775e370;movements/M_DL_7e58da019b;movements/M_DL_82f1223205;junctions/J_DL_50a0d0cfde;resources/RES_J_DL_50a0d0cfde;sources/SRC_GA01_parameter_probe"
"dalian_v01","road_massLimitKg_design_assumption","R_DL_dd4384110c","true","changed","","","roads/R_DL_dd4384110c;movements/M_DL_4699a32598;movements/M_DL_0786b02b47;movements/M_DL_fa44ec9736;movements/M_DL_3645660335;movements/M_DL_d9df3ddbe2;movements/M_DL_98f414112a;movements/M_DL_7b9ac022b0;movements/M_DL_770e98effc;movements/M_DL_0a8bc29da8;movements/M_DL_8ff775e370;movements/M_DL_7e58da019b;movements/M_DL_82f1223205;junctions/J_DL_50a0d0cfde;resources/RES_J_DL_50a0d0cfde;sources/SRC_GA01_parameter_probe"
"dalian_v01","road_speedLimitMps_design_assumption","R_DL_dd4384110c","true","changed","","","roads/R_DL_dd4384110c;movements/M_DL_4699a32598;movements/M_DL_0786b02b47;movements/M_DL_fa44ec9736;movements/M_DL_3645660335;movements/M_DL_d9df3ddbe2;movements/M_DL_98f414112a;movements/M_DL_7b9ac022b0;movements/M_DL_770e98effc;movements/M_DL_0a8bc29da8;movements/M_DL_8ff775e370;movements/M_DL_7e58da019b;movements/M_DL_82f1223205;junctions/J_DL_50a0d0cfde;resources/RES_J_DL_50a0d0cfde;sources/SRC_GA01_parameter_probe"
"dalian_v01","road_width_speed_design_assumption","R_DL_dd4384110c","true","changed","","","roads/R_DL_dd4384110c;movements/M_DL_4699a32598;movements/M_DL_0786b02b47;movements/M_DL_fa44ec9736;movements/M_DL_3645660335;movements/M_DL_d9df3ddbe2;movements/M_DL_98f414112a;movements/M_DL_7b9ac022b0;movements/M_DL_770e98effc;movements/M_DL_0a8bc29da8;movements/M_DL_8ff775e370;movements/M_DL_7e58da019b;movements/M_DL_82f1223205;junctions/J_DL_50a0d0cfde;resources/RES_J_DL_50a0d0cfde;sources/SRC_GA01_B_parameter_test"
"dalian_v01","staticMove_expected_blocked","facilities/F_DL007","false","rejected","STATIC_SHARED_NODE","/nodes/N_DL_f99e9199a7",""
"dalian_v02","name_only_not_geometry","F_DL027","true","changed","","","facilities/F_DL027"
"dalian_v02","node_position","N_MR_5f726b8f2fdd","true","changed","","","nodes/N_MR_5f726b8f2fdd;roads/R_MR_78f5d09878b6;movements/M_MR_533ef6b4d3bf;movements/M_MR_c486821b3c1b;movements/M_MR_dcfbbe47f6a3;movements/M_MR_e7314903e6f5;movements/M_MR_1789d0e56252;movements/M_MR_b4a75829fe84;junctions/J_MR_255212c86d5e;sources/source_editor_geometry"
"dalian_v02","node_translate","nodes/N_MR_5f726b8f2fdd","true","changed","","","nodes/N_MR_5f726b8f2fdd;roads/R_MR_78f5d09878b6;movements/M_MR_533ef6b4d3bf;movements/M_MR_c486821b3c1b;movements/M_MR_dcfbbe47f6a3;movements/M_MR_e7314903e6f5;movements/M_MR_1789d0e56252;movements/M_MR_b4a75829fe84;junctions/J_MR_255212c86d5e;sources/source_editor_geometry"
"dalian_v02","road_translate","roads/R_MR_78f5d09878b6","false","rejected","LOCAL_OWNER_DEPENDENCY","/roads/R_MR_16e655836c02/extensions/sr02.planning/ownerEntityId",""
"dalian_v02","road_shapePoints","R_MR_78f5d09878b6","true","changed","","","roads/R_MR_78f5d09878b6;movements/M_MR_533ef6b4d3bf;movements/M_MR_c486821b3c1b;movements/M_MR_dcfbbe47f6a3;movements/M_MR_e7314903e6f5;movements/M_MR_1789d0e56252;movements/M_MR_b4a75829fe84;junctions/J_MR_255212c86d5e;sources/source_editor_geometry"
"dalian_v02","node_rotate","nodes/N_MR_5f726b8f2fdd","false","rejected","OPERATION_DEPENDENCIES_UNSUPPORTED","",""
"dalian_v02","road_rotate","roads/R_MR_78f5d09878b6","false","rejected","OPERATION_DEPENDENCIES_UNSUPPORTED","",""
"dalian_v02","zone_boundary","Z_DL_DOCK","true","changed","","","zones/Z_DL_DOCK;sources/source_editor_geometry"
"dalian_v02","road_direction","R_MR_78f5d09878b6","true","rejected","ARC_DIRECTION_CONFLICT","/movements/M_MR_dcfbbe47f6a3/outgoingArc;/movements/M_MR_1789d0e56252/outgoingArc","roads/R_MR_78f5d09878b6;movements/M_MR_533ef6b4d3bf;movements/M_MR_c486821b3c1b;movements/M_MR_dcfbbe47f6a3;movements/M_MR_e7314903e6f5;movements/M_MR_1789d0e56252;movements/M_MR_b4a75829fe84;junctions/J_MR_255212c86d5e"
"dalian_v02","boundary","F_DL027","true","changed","","","facilities/F_DL027;sources/source_editor_geometry"
"dalian_v02","boundary_translate","facilities/F_DL027","true","changed","","","facilities/F_DL027;sources/source_editor_geometry"
"dalian_v02","boundary_rotate","facilities/F_DL027","true","changed","","","facilities/F_DL027;sources/source_editor_geometry"
"dalian_v02","add_node","N_GA01_probe_add","false","rejected","OPERATION_DEPENDENCIES_UNSUPPORTED","",""
"dalian_v02","copy_boundary","facilities/F_DL027","false","rejected","OPERATION_DEPENDENCIES_UNSUPPORTED","",""
"dalian_v02","delete_boundary","facilities/F_DL027","false","rejected","OPERATION_DEPENDENCIES_UNSUPPORTED","",""
"dalian_v02","split_road","R_MR_78f5d09878b6","false","rejected","OPERATION_DEPENDENCIES_UNSUPPORTED","",""
"dalian_v02","no_op_boundary","F_DL027","true","no_op","","",""
"dalian_v02","road_widthM_design_assumption","R_MR_78f5d09878b6","true","changed","","","roads/R_MR_78f5d09878b6;movements/M_MR_533ef6b4d3bf;movements/M_MR_c486821b3c1b;movements/M_MR_dcfbbe47f6a3;movements/M_MR_e7314903e6f5;movements/M_MR_1789d0e56252;movements/M_MR_b4a75829fe84;junctions/J_MR_255212c86d5e;sources/SRC_GA01_parameter_probe"
"dalian_v02","road_heightLimitM_design_assumption","R_MR_78f5d09878b6","true","changed","","","roads/R_MR_78f5d09878b6;movements/M_MR_533ef6b4d3bf;movements/M_MR_c486821b3c1b;movements/M_MR_dcfbbe47f6a3;movements/M_MR_e7314903e6f5;movements/M_MR_1789d0e56252;movements/M_MR_b4a75829fe84;junctions/J_MR_255212c86d5e;sources/SRC_GA01_parameter_probe"
"dalian_v02","road_massLimitKg_design_assumption","R_MR_78f5d09878b6","true","changed","","","roads/R_MR_78f5d09878b6;movements/M_MR_533ef6b4d3bf;movements/M_MR_c486821b3c1b;movements/M_MR_dcfbbe47f6a3;movements/M_MR_e7314903e6f5;movements/M_MR_1789d0e56252;movements/M_MR_b4a75829fe84;junctions/J_MR_255212c86d5e;sources/SRC_GA01_parameter_probe"
"dalian_v02","road_speedLimitMps_design_assumption","R_MR_78f5d09878b6","true","changed","","","roads/R_MR_78f5d09878b6;movements/M_MR_533ef6b4d3bf;movements/M_MR_c486821b3c1b;movements/M_MR_dcfbbe47f6a3;movements/M_MR_e7314903e6f5;movements/M_MR_1789d0e56252;movements/M_MR_b4a75829fe84;junctions/J_MR_255212c86d5e;sources/SRC_GA01_parameter_probe"
"dalian_v02","road_width_speed_design_assumption","R_MR_78f5d09878b6","true","changed","","","roads/R_MR_78f5d09878b6;movements/M_MR_533ef6b4d3bf;movements/M_MR_c486821b3c1b;movements/M_MR_dcfbbe47f6a3;movements/M_MR_e7314903e6f5;movements/M_MR_1789d0e56252;movements/M_MR_b4a75829fe84;junctions/J_MR_255212c86d5e;sources/SRC_GA01_B_parameter_test"
"geoje_v01","name_only_not_geometry","F_GJ002","true","changed","","","facilities/F_GJ002"
"geoje_v01","node_position","N_GJ_4e23f596d3","true","changed","","","nodes/N_GJ_4e23f596d3;roads/R_GJ_8241f9b21f;movements/M_GJ_f4bf57a7af;movements/M_GJ_ef0cd380fb;movements/M_GJ_4dc1c572d5;movements/M_GJ_b5f62e3cb0;movements/M_GJ_1f53847de3;movements/M_GJ_2e32bc0ce6;junctions/J_GJ_5bc0ad17da;resources/RES_J_GJ_5bc0ad17da;sources/source_editor_geometry"
"geoje_v01","node_translate","nodes/N_GJ_4e23f596d3","true","changed","","","nodes/N_GJ_4e23f596d3;roads/R_GJ_8241f9b21f;movements/M_GJ_f4bf57a7af;movements/M_GJ_ef0cd380fb;movements/M_GJ_4dc1c572d5;movements/M_GJ_b5f62e3cb0;movements/M_GJ_1f53847de3;movements/M_GJ_2e32bc0ce6;junctions/J_GJ_5bc0ad17da;resources/RES_J_GJ_5bc0ad17da;sources/source_editor_geometry"
"geoje_v01","road_translate","roads/R_GJ_8241f9b21f","true","changed","","","nodes/N_GJ_4e23f596d3;nodes/N_GJ_5bc0ad17da;roads/R_GJ_8241f9b21f;roads/R_GJ_6a80441512;roads/R_GJ_66183fb14d;movements/M_GJ_05483e7d60;movements/M_GJ_d0ae36c9ac;movements/M_GJ_9cc4268bff;movements/M_GJ_4ae80f5643;movements/M_GJ_e9719f3c53;movements/M_GJ_b1aeb0bdfc;movements/M_GJ_42d0b006d0;movements/M_GJ_cc19b9191b;movements/M_GJ_556c11739d;movements/M_GJ_1e3273d2b7;movements/M_GJ_6b552863c0;movements/M_GJ_f41e3a051f;movements/M_GJ_f4bf57a7af;movements/M_GJ_ef0cd380fb;movements/M_GJ_4dc1c572d5;movements/M_GJ_b5f62e3cb0;movements/M_GJ_1f53847de3;movements/M_GJ_2e32bc0ce6;movements/M_GJ_c6e12f95d1;movements/M_GJ_7819132c4c;junctions/J_GJ_c1e591060d;junctions/J_GJ_5bc0ad17da;junctions/J_GJ_0b75ed6795;resources/RES_J_GJ_c1e591060d;resources/RES_J_GJ_5bc0ad17da;sources/source_editor_geometry"
"geoje_v01","road_shapePoints","R_GJ_8241f9b21f","true","changed","","","roads/R_GJ_8241f9b21f;movements/M_GJ_f4bf57a7af;movements/M_GJ_ef0cd380fb;movements/M_GJ_4dc1c572d5;movements/M_GJ_b5f62e3cb0;movements/M_GJ_1f53847de3;movements/M_GJ_2e32bc0ce6;junctions/J_GJ_5bc0ad17da;resources/RES_J_GJ_5bc0ad17da;sources/source_editor_geometry"
"geoje_v01","node_rotate","nodes/N_GJ_4e23f596d3","false","rejected","OPERATION_DEPENDENCIES_UNSUPPORTED","",""
"geoje_v01","road_rotate","roads/R_GJ_8241f9b21f","false","rejected","OPERATION_DEPENDENCIES_UNSUPPORTED","",""
"geoje_v01","zone_boundary","Z_GJ001","true","changed","","","zones/Z_GJ001;sources/source_editor_geometry"
"geoje_v01","road_direction","R_GJ_8241f9b21f","true","rejected","ARC_DIRECTION_CONFLICT","/movements/M_GJ_4dc1c572d5/outgoingArc;/movements/M_GJ_1f53847de3/outgoingArc","roads/R_GJ_8241f9b21f;movements/M_GJ_f4bf57a7af;movements/M_GJ_ef0cd380fb;movements/M_GJ_4dc1c572d5;movements/M_GJ_b5f62e3cb0;movements/M_GJ_1f53847de3;movements/M_GJ_2e32bc0ce6;junctions/J_GJ_5bc0ad17da;resources/RES_J_GJ_5bc0ad17da"
"geoje_v01","boundary","F_GJ002","true","changed","","","facilities/F_GJ002;sources/source_editor_geometry"
"geoje_v01","boundary_translate","facilities/F_GJ002","true","changed","","","facilities/F_GJ002;sources/source_editor_geometry"
"geoje_v01","boundary_rotate","facilities/F_GJ002","true","changed","","","facilities/F_GJ002;sources/source_editor_geometry"
"geoje_v01","add_node","N_GA01_probe_add","false","rejected","OPERATION_DEPENDENCIES_UNSUPPORTED","",""
"geoje_v01","copy_boundary","facilities/F_GJ002","false","rejected","OPERATION_DEPENDENCIES_UNSUPPORTED","",""
"geoje_v01","delete_boundary","facilities/F_GJ002","false","rejected","OPERATION_DEPENDENCIES_UNSUPPORTED","",""
"geoje_v01","split_road","R_GJ_8241f9b21f","false","rejected","OPERATION_DEPENDENCIES_UNSUPPORTED","",""
"geoje_v01","no_op_boundary","F_GJ002","true","no_op","","",""
"geoje_v01","road_widthM_design_assumption","R_GJ_8241f9b21f","true","changed","","","roads/R_GJ_8241f9b21f;movements/M_GJ_f4bf57a7af;movements/M_GJ_ef0cd380fb;movements/M_GJ_4dc1c572d5;movements/M_GJ_b5f62e3cb0;movements/M_GJ_1f53847de3;movements/M_GJ_2e32bc0ce6;junctions/J_GJ_5bc0ad17da;resources/RES_J_GJ_5bc0ad17da;sources/SRC_GA01_parameter_probe"
"geoje_v01","road_heightLimitM_design_assumption","R_GJ_8241f9b21f","true","changed","","","roads/R_GJ_8241f9b21f;movements/M_GJ_f4bf57a7af;movements/M_GJ_ef0cd380fb;movements/M_GJ_4dc1c572d5;movements/M_GJ_b5f62e3cb0;movements/M_GJ_1f53847de3;movements/M_GJ_2e32bc0ce6;junctions/J_GJ_5bc0ad17da;resources/RES_J_GJ_5bc0ad17da;sources/SRC_GA01_parameter_probe"
"geoje_v01","road_massLimitKg_design_assumption","R_GJ_8241f9b21f","true","changed","","","roads/R_GJ_8241f9b21f;movements/M_GJ_f4bf57a7af;movements/M_GJ_ef0cd380fb;movements/M_GJ_4dc1c572d5;movements/M_GJ_b5f62e3cb0;movements/M_GJ_1f53847de3;movements/M_GJ_2e32bc0ce6;junctions/J_GJ_5bc0ad17da;resources/RES_J_GJ_5bc0ad17da;sources/SRC_GA01_parameter_probe"
"geoje_v01","road_speedLimitMps_design_assumption","R_GJ_8241f9b21f","true","changed","","","roads/R_GJ_8241f9b21f;movements/M_GJ_f4bf57a7af;movements/M_GJ_ef0cd380fb;movements/M_GJ_4dc1c572d5;movements/M_GJ_b5f62e3cb0;movements/M_GJ_1f53847de3;movements/M_GJ_2e32bc0ce6;junctions/J_GJ_5bc0ad17da;resources/RES_J_GJ_5bc0ad17da;sources/SRC_GA01_parameter_probe"
"geoje_v01","road_width_speed_design_assumption","R_GJ_8241f9b21f","true","changed","","","roads/R_GJ_8241f9b21f;movements/M_GJ_f4bf57a7af;movements/M_GJ_ef0cd380fb;movements/M_GJ_4dc1c572d5;movements/M_GJ_b5f62e3cb0;movements/M_GJ_1f53847de3;movements/M_GJ_2e32bc0ce6;junctions/J_GJ_5bc0ad17da;resources/RES_J_GJ_5bc0ad17da;sources/SRC_GA01_B_parameter_test"
"geoje_v01","original_leaf_node_expected_blocked","N_GJ_98578c20a5","true","rejected","SPATIAL_ROAD_FORBIDDEN","/roads/R_GJ_f5b5b6d617/widthM","nodes/N_GJ_98578c20a5;roads/R_GJ_f5b5b6d617;movements/M_GJ_05483e7d60;movements/M_GJ_d0ae36c9ac;movements/M_GJ_9cc4268bff;movements/M_GJ_4ae80f5643;movements/M_GJ_e9719f3c53;movements/M_GJ_b1aeb0bdfc;movements/M_GJ_42d0b006d0;movements/M_GJ_cc19b9191b;movements/M_GJ_556c11739d;movements/M_GJ_1e3273d2b7;movements/M_GJ_6b552863c0;movements/M_GJ_f41e3a051f;junctions/J_GJ_c1e591060d;resources/RES_J_GJ_c1e591060d"
"geoje_v01","original_leaf_shape_expected_blocked","R_GJ_f5b5b6d617","true","rejected","SPATIAL_ROAD_FORBIDDEN","/roads/R_GJ_f5b5b6d617/widthM","roads/R_GJ_f5b5b6d617;movements/M_GJ_05483e7d60;movements/M_GJ_d0ae36c9ac;movements/M_GJ_9cc4268bff;movements/M_GJ_4ae80f5643;movements/M_GJ_e9719f3c53;movements/M_GJ_b1aeb0bdfc;movements/M_GJ_42d0b006d0;movements/M_GJ_cc19b9191b;movements/M_GJ_556c11739d;movements/M_GJ_1e3273d2b7;movements/M_GJ_6b552863c0;movements/M_GJ_f41e3a051f;junctions/J_GJ_c1e591060d;resources/RES_J_GJ_c1e591060d"
"geoje_v01","staticMove_expected_blocked","facilities/F_GJ001","false","rejected","STATIC_SHARED_NODE","/nodes/N_GJ_564b53475c",""
"geoje_v02","name_only_not_geometry","F_GJ_MR_032","true","changed","","","facilities/F_GJ_MR_032"
"geoje_v02","node_position","N_MR_7ed7a13646cb","true","changed","","","nodes/N_MR_7ed7a13646cb;roads/R_MR_44347252aedb;movements/M_MR_8fe94c229680;movements/M_MR_8514d953693e;movements/M_MR_1116db48621e;movements/M_MR_cef101a26501;movements/M_MR_5761dd4706dc;movements/M_MR_440d61effeef;junctions/J_MR_807ac5637b5d;sources/source_editor_geometry"
"geoje_v02","node_translate","nodes/N_MR_7ed7a13646cb","true","changed","","","nodes/N_MR_7ed7a13646cb;roads/R_MR_44347252aedb;movements/M_MR_8fe94c229680;movements/M_MR_8514d953693e;movements/M_MR_1116db48621e;movements/M_MR_cef101a26501;movements/M_MR_5761dd4706dc;movements/M_MR_440d61effeef;junctions/J_MR_807ac5637b5d;sources/source_editor_geometry"
"geoje_v02","road_translate","roads/R_MR_44347252aedb","true","changed","","","nodes/N_MR_1149cfcb518b;nodes/N_MR_7ed7a13646cb;roads/R_MR_44347252aedb;roads/R_MR_12a4563df3f8;roads/R_MR_792532ff88af;movements/M_MR_8fe94c229680;movements/M_MR_8514d953693e;movements/M_MR_1116db48621e;movements/M_MR_cef101a26501;movements/M_MR_5761dd4706dc;movements/M_MR_440d61effeef;movements/M_MR_20b3d3bedcb6;movements/M_MR_4fafdffd80ae;movements/M_MR_d539812ae87a;movements/M_MR_c647c2a0dfc1;movements/M_MR_f9e595a84b8f;movements/M_MR_ef6cef8ba3c3;movements/M_MR_431c33507729;movements/M_MR_89ad3793fee5;junctions/J_MR_807ac5637b5d;junctions/J_MR_54a512be8b9f;junctions/J_MR_5b2e55955fbc;sources/source_editor_geometry"
"geoje_v02","road_shapePoints","R_MR_44347252aedb","true","changed","","","roads/R_MR_44347252aedb;movements/M_MR_8fe94c229680;movements/M_MR_8514d953693e;movements/M_MR_1116db48621e;movements/M_MR_cef101a26501;movements/M_MR_5761dd4706dc;movements/M_MR_440d61effeef;junctions/J_MR_807ac5637b5d;sources/source_editor_geometry"
"geoje_v02","node_rotate","nodes/N_MR_7ed7a13646cb","false","rejected","OPERATION_DEPENDENCIES_UNSUPPORTED","",""
"geoje_v02","road_rotate","roads/R_MR_44347252aedb","false","rejected","OPERATION_DEPENDENCIES_UNSUPPORTED","",""
"geoje_v02","zone_boundary","Z_GJ_MR01_W1","true","changed","","","zones/Z_GJ_MR01_W1;sources/source_editor_geometry"
"geoje_v02","road_direction","R_MR_44347252aedb","true","rejected","ARC_DIRECTION_CONFLICT","/movements/M_MR_5761dd4706dc/incomingArc;/movements/M_MR_440d61effeef/incomingArc","roads/R_MR_44347252aedb;movements/M_MR_8fe94c229680;movements/M_MR_8514d953693e;movements/M_MR_1116db48621e;movements/M_MR_cef101a26501;movements/M_MR_5761dd4706dc;movements/M_MR_440d61effeef;junctions/J_MR_807ac5637b5d"
"geoje_v02","boundary","F_GJ_MR_032","true","changed","","","facilities/F_GJ_MR_032;sources/source_editor_geometry"
"geoje_v02","boundary_translate","facilities/F_GJ_MR_032","true","changed","","","facilities/F_GJ_MR_032;sources/source_editor_geometry"
"geoje_v02","boundary_rotate","facilities/F_GJ_MR_032","true","changed","","","facilities/F_GJ_MR_032;sources/source_editor_geometry"
"geoje_v02","add_node","N_GA01_probe_add","false","rejected","OPERATION_DEPENDENCIES_UNSUPPORTED","",""
"geoje_v02","copy_boundary","facilities/F_GJ_MR_032","false","rejected","OPERATION_DEPENDENCIES_UNSUPPORTED","",""
"geoje_v02","delete_boundary","facilities/F_GJ_MR_032","false","rejected","OPERATION_DEPENDENCIES_UNSUPPORTED","",""
"geoje_v02","split_road","R_MR_44347252aedb","false","rejected","OPERATION_DEPENDENCIES_UNSUPPORTED","",""
"geoje_v02","no_op_boundary","F_GJ_MR_032","true","no_op","","",""
"geoje_v02","road_widthM_design_assumption","R_MR_44347252aedb","true","changed","","","roads/R_MR_44347252aedb;movements/M_MR_8fe94c229680;movements/M_MR_8514d953693e;movements/M_MR_1116db48621e;movements/M_MR_cef101a26501;movements/M_MR_5761dd4706dc;movements/M_MR_440d61effeef;junctions/J_MR_807ac5637b5d;sources/SRC_GA01_parameter_probe"
"geoje_v02","road_heightLimitM_design_assumption","R_MR_44347252aedb","true","changed","","","roads/R_MR_44347252aedb;movements/M_MR_8fe94c229680;movements/M_MR_8514d953693e;movements/M_MR_1116db48621e;movements/M_MR_cef101a26501;movements/M_MR_5761dd4706dc;movements/M_MR_440d61effeef;junctions/J_MR_807ac5637b5d;sources/SRC_GA01_parameter_probe"
"geoje_v02","road_massLimitKg_design_assumption","R_MR_44347252aedb","true","changed","","","roads/R_MR_44347252aedb;movements/M_MR_8fe94c229680;movements/M_MR_8514d953693e;movements/M_MR_1116db48621e;movements/M_MR_cef101a26501;movements/M_MR_5761dd4706dc;movements/M_MR_440d61effeef;junctions/J_MR_807ac5637b5d;sources/SRC_GA01_parameter_probe"
"geoje_v02","road_speedLimitMps_design_assumption","R_MR_44347252aedb","true","changed","","","roads/R_MR_44347252aedb;movements/M_MR_8fe94c229680;movements/M_MR_8514d953693e;movements/M_MR_1116db48621e;movements/M_MR_cef101a26501;movements/M_MR_5761dd4706dc;movements/M_MR_440d61effeef;junctions/J_MR_807ac5637b5d;sources/SRC_GA01_parameter_probe"
"geoje_v02","road_width_speed_design_assumption","R_MR_44347252aedb","true","changed","","","roads/R_MR_44347252aedb;movements/M_MR_8fe94c229680;movements/M_MR_8514d953693e;movements/M_MR_1116db48621e;movements/M_MR_cef101a26501;movements/M_MR_5761dd4706dc;movements/M_MR_440d61effeef;junctions/J_MR_807ac5637b5d;sources/SRC_GA01_B_parameter_test"
"hanwha_v01","name_only_not_geometry","F_HW103","true","changed","","","facilities/F_HW103"
"hanwha_v01","node_position","N_HW_7874b56b34","true","changed","","","nodes/N_HW_7874b56b34;roads/R_HW_5ff95e3729;movements/M_HW_12173e2b18;movements/M_HW_91c822c4e1;movements/M_HW_916cabf883;movements/M_HW_7f6f9094a2;movements/M_HW_3a8ed56eff;movements/M_HW_641cfe6769;junctions/J_HW_9d18e52335;resources/RES_J_HW_9d18e52335;sources/source_editor_geometry"
"hanwha_v01","node_translate","nodes/N_HW_7874b56b34","true","changed","","","nodes/N_HW_7874b56b34;roads/R_HW_5ff95e3729;movements/M_HW_12173e2b18;movements/M_HW_91c822c4e1;movements/M_HW_916cabf883;movements/M_HW_7f6f9094a2;movements/M_HW_3a8ed56eff;movements/M_HW_641cfe6769;junctions/J_HW_9d18e52335;resources/RES_J_HW_9d18e52335;sources/source_editor_geometry"
"hanwha_v01","road_translate","roads/R_HW_5ff95e3729","true","changed","","","nodes/N_HW_7874b56b34;nodes/N_HW_9d18e52335;roads/R_HW_5ff95e3729;roads/R_HW_4443c3d96d;roads/R_HW_8df742b0d9;movements/M_HW_12173e2b18;movements/M_HW_91c822c4e1;movements/M_HW_916cabf883;movements/M_HW_7f6f9094a2;movements/M_HW_3a8ed56eff;movements/M_HW_641cfe6769;movements/M_HW_b22ad8e315;movements/M_HW_17e031237b;movements/M_HW_c324de7324;movements/M_HW_878af61f66;movements/M_HW_f3a9f1ad27;movements/M_HW_32ebabfba5;junctions/J_HW_9d18e52335;junctions/J_HW_62ab03afc9;resources/RES_J_HW_9d18e52335;resources/RES_J_HW_62ab03afc9;sources/source_editor_geometry"
"hanwha_v01","road_shapePoints","R_HW_5ff95e3729","true","changed","","","roads/R_HW_5ff95e3729;movements/M_HW_12173e2b18;movements/M_HW_91c822c4e1;movements/M_HW_916cabf883;movements/M_HW_7f6f9094a2;movements/M_HW_3a8ed56eff;movements/M_HW_641cfe6769;junctions/J_HW_9d18e52335;resources/RES_J_HW_9d18e52335;sources/source_editor_geometry"
"hanwha_v01","node_rotate","nodes/N_HW_7874b56b34","false","rejected","OPERATION_DEPENDENCIES_UNSUPPORTED","",""
"hanwha_v01","road_rotate","roads/R_HW_5ff95e3729","false","rejected","OPERATION_DEPENDENCIES_UNSUPPORTED","",""
"hanwha_v01","zone_boundary","Z_HW001","true","changed","","","zones/Z_HW001;sources/source_editor_geometry"
"hanwha_v01","road_direction","R_HW_5ff95e3729","true","rejected","ARC_DIRECTION_CONFLICT","/movements/M_HW_916cabf883/outgoingArc;/movements/M_HW_3a8ed56eff/outgoingArc","roads/R_HW_5ff95e3729;movements/M_HW_12173e2b18;movements/M_HW_91c822c4e1;movements/M_HW_916cabf883;movements/M_HW_7f6f9094a2;movements/M_HW_3a8ed56eff;movements/M_HW_641cfe6769;junctions/J_HW_9d18e52335;resources/RES_J_HW_9d18e52335"
"hanwha_v01","boundary","F_HW103","true","changed","","","facilities/F_HW103;sources/source_editor_geometry"
"hanwha_v01","boundary_translate","facilities/F_HW103","true","changed","","","facilities/F_HW103;sources/source_editor_geometry"
"hanwha_v01","boundary_rotate","facilities/F_HW103","true","changed","","","facilities/F_HW103;sources/source_editor_geometry"
"hanwha_v01","add_node","N_GA01_probe_add","false","rejected","OPERATION_DEPENDENCIES_UNSUPPORTED","",""
"hanwha_v01","copy_boundary","facilities/F_HW103","false","rejected","OPERATION_DEPENDENCIES_UNSUPPORTED","",""
"hanwha_v01","delete_boundary","facilities/F_HW103","false","rejected","OPERATION_DEPENDENCIES_UNSUPPORTED","",""
"hanwha_v01","split_road","R_HW_5ff95e3729","false","rejected","OPERATION_DEPENDENCIES_UNSUPPORTED","",""
"hanwha_v01","no_op_boundary","F_HW103","true","no_op","","",""
"hanwha_v01","road_widthM_design_assumption","R_HW_5ff95e3729","true","changed","","","roads/R_HW_5ff95e3729;movements/M_HW_12173e2b18;movements/M_HW_91c822c4e1;movements/M_HW_916cabf883;movements/M_HW_7f6f9094a2;movements/M_HW_3a8ed56eff;movements/M_HW_641cfe6769;junctions/J_HW_9d18e52335;resources/RES_J_HW_9d18e52335;sources/SRC_GA01_parameter_probe"
"hanwha_v01","road_heightLimitM_design_assumption","R_HW_5ff95e3729","true","changed","","","roads/R_HW_5ff95e3729;movements/M_HW_12173e2b18;movements/M_HW_91c822c4e1;movements/M_HW_916cabf883;movements/M_HW_7f6f9094a2;movements/M_HW_3a8ed56eff;movements/M_HW_641cfe6769;junctions/J_HW_9d18e52335;resources/RES_J_HW_9d18e52335;sources/SRC_GA01_parameter_probe"
"hanwha_v01","road_massLimitKg_design_assumption","R_HW_5ff95e3729","true","changed","","","roads/R_HW_5ff95e3729;movements/M_HW_12173e2b18;movements/M_HW_91c822c4e1;movements/M_HW_916cabf883;movements/M_HW_7f6f9094a2;movements/M_HW_3a8ed56eff;movements/M_HW_641cfe6769;junctions/J_HW_9d18e52335;resources/RES_J_HW_9d18e52335;sources/SRC_GA01_parameter_probe"
"hanwha_v01","road_speedLimitMps_design_assumption","R_HW_5ff95e3729","true","changed","","","roads/R_HW_5ff95e3729;movements/M_HW_12173e2b18;movements/M_HW_91c822c4e1;movements/M_HW_916cabf883;movements/M_HW_7f6f9094a2;movements/M_HW_3a8ed56eff;movements/M_HW_641cfe6769;junctions/J_HW_9d18e52335;resources/RES_J_HW_9d18e52335;sources/SRC_GA01_parameter_probe"
"hanwha_v01","road_width_speed_design_assumption","R_HW_5ff95e3729","true","changed","","","roads/R_HW_5ff95e3729;movements/M_HW_12173e2b18;movements/M_HW_91c822c4e1;movements/M_HW_916cabf883;movements/M_HW_7f6f9094a2;movements/M_HW_3a8ed56eff;movements/M_HW_641cfe6769;junctions/J_HW_9d18e52335;resources/RES_J_HW_9d18e52335;sources/SRC_GA01_B_parameter_test"
"hanwha_v01","staticMove_expected_blocked","facilities/F_HW001","false","rejected","STATIC_CONTENTS_REFERENCE","",""
"hanwha_v02","name_only_not_geometry","F_HW103","true","changed","","","facilities/F_HW103"
"hanwha_v02","node_position","N_HW_7874b56b34","true","changed","","","nodes/N_HW_7874b56b34;roads/R_HW_5ff95e3729;movements/M_HW_12173e2b18;movements/M_HW_91c822c4e1;movements/M_HW_916cabf883;movements/M_HW_7f6f9094a2;movements/M_HW_3a8ed56eff;movements/M_HW_641cfe6769;junctions/J_HW_9d18e52335;resources/RES_J_HW_9d18e52335;sources/source_editor_geometry"
"hanwha_v02","node_translate","nodes/N_HW_7874b56b34","true","changed","","","nodes/N_HW_7874b56b34;roads/R_HW_5ff95e3729;movements/M_HW_12173e2b18;movements/M_HW_91c822c4e1;movements/M_HW_916cabf883;movements/M_HW_7f6f9094a2;movements/M_HW_3a8ed56eff;movements/M_HW_641cfe6769;junctions/J_HW_9d18e52335;resources/RES_J_HW_9d18e52335;sources/source_editor_geometry"
"hanwha_v02","road_translate","roads/R_HW_5ff95e3729","true","changed","","","nodes/N_HW_7874b56b34;nodes/N_HW_9d18e52335;roads/R_HW_5ff95e3729;roads/R_HW_4443c3d96d;roads/R_HW_8df742b0d9;movements/M_HW_12173e2b18;movements/M_HW_91c822c4e1;movements/M_HW_916cabf883;movements/M_HW_7f6f9094a2;movements/M_HW_3a8ed56eff;movements/M_HW_641cfe6769;movements/M_HW_b22ad8e315;movements/M_HW_17e031237b;movements/M_HW_c324de7324;movements/M_HW_878af61f66;movements/M_HW_f3a9f1ad27;movements/M_HW_32ebabfba5;junctions/J_HW_9d18e52335;junctions/J_HW_62ab03afc9;resources/RES_J_HW_9d18e52335;resources/RES_J_HW_62ab03afc9;sources/source_editor_geometry"
"hanwha_v02","road_shapePoints","R_HW_5ff95e3729","true","changed","","","roads/R_HW_5ff95e3729;movements/M_HW_12173e2b18;movements/M_HW_91c822c4e1;movements/M_HW_916cabf883;movements/M_HW_7f6f9094a2;movements/M_HW_3a8ed56eff;movements/M_HW_641cfe6769;junctions/J_HW_9d18e52335;resources/RES_J_HW_9d18e52335;sources/source_editor_geometry"
"hanwha_v02","node_rotate","nodes/N_HW_7874b56b34","false","rejected","OPERATION_DEPENDENCIES_UNSUPPORTED","",""
"hanwha_v02","road_rotate","roads/R_HW_5ff95e3729","false","rejected","OPERATION_DEPENDENCIES_UNSUPPORTED","",""
"hanwha_v02","zone_boundary","Z_HW001","true","changed","","","zones/Z_HW001;sources/source_editor_geometry"
"hanwha_v02","road_direction","R_HW_5ff95e3729","true","rejected","ARC_DIRECTION_CONFLICT","/movements/M_HW_916cabf883/outgoingArc;/movements/M_HW_3a8ed56eff/outgoingArc","roads/R_HW_5ff95e3729;movements/M_HW_12173e2b18;movements/M_HW_91c822c4e1;movements/M_HW_916cabf883;movements/M_HW_7f6f9094a2;movements/M_HW_3a8ed56eff;movements/M_HW_641cfe6769;junctions/J_HW_9d18e52335;resources/RES_J_HW_9d18e52335"
"hanwha_v02","boundary","F_HW103","true","changed","","","facilities/F_HW103;sources/source_editor_geometry"
"hanwha_v02","boundary_translate","facilities/F_HW103","true","changed","","","facilities/F_HW103;sources/source_editor_geometry"
"hanwha_v02","boundary_rotate","facilities/F_HW103","true","changed","","","facilities/F_HW103;sources/source_editor_geometry"
"hanwha_v02","add_node","N_GA01_probe_add","false","rejected","OPERATION_DEPENDENCIES_UNSUPPORTED","",""
"hanwha_v02","copy_boundary","facilities/F_HW103","false","rejected","OPERATION_DEPENDENCIES_UNSUPPORTED","",""
"hanwha_v02","delete_boundary","facilities/F_HW103","false","rejected","OPERATION_DEPENDENCIES_UNSUPPORTED","",""
"hanwha_v02","split_road","R_HW_5ff95e3729","false","rejected","OPERATION_DEPENDENCIES_UNSUPPORTED","",""
"hanwha_v02","no_op_boundary","F_HW103","true","no_op","","",""
"hanwha_v02","road_widthM_design_assumption","R_HW_5ff95e3729","true","changed","","","roads/R_HW_5ff95e3729;movements/M_HW_12173e2b18;movements/M_HW_91c822c4e1;movements/M_HW_916cabf883;movements/M_HW_7f6f9094a2;movements/M_HW_3a8ed56eff;movements/M_HW_641cfe6769;junctions/J_HW_9d18e52335;resources/RES_J_HW_9d18e52335;sources/SRC_GA01_parameter_probe"
"hanwha_v02","road_heightLimitM_design_assumption","R_HW_5ff95e3729","true","changed","","","roads/R_HW_5ff95e3729;movements/M_HW_12173e2b18;movements/M_HW_91c822c4e1;movements/M_HW_916cabf883;movements/M_HW_7f6f9094a2;movements/M_HW_3a8ed56eff;movements/M_HW_641cfe6769;junctions/J_HW_9d18e52335;resources/RES_J_HW_9d18e52335;sources/SRC_GA01_parameter_probe"
"hanwha_v02","road_massLimitKg_design_assumption","R_HW_5ff95e3729","true","changed","","","roads/R_HW_5ff95e3729;movements/M_HW_12173e2b18;movements/M_HW_91c822c4e1;movements/M_HW_916cabf883;movements/M_HW_7f6f9094a2;movements/M_HW_3a8ed56eff;movements/M_HW_641cfe6769;junctions/J_HW_9d18e52335;resources/RES_J_HW_9d18e52335;sources/SRC_GA01_parameter_probe"
"hanwha_v02","road_speedLimitMps_design_assumption","R_HW_5ff95e3729","true","changed","","","roads/R_HW_5ff95e3729;movements/M_HW_12173e2b18;movements/M_HW_91c822c4e1;movements/M_HW_916cabf883;movements/M_HW_7f6f9094a2;movements/M_HW_3a8ed56eff;movements/M_HW_641cfe6769;junctions/J_HW_9d18e52335;resources/RES_J_HW_9d18e52335;sources/SRC_GA01_parameter_probe"
"hanwha_v02","road_width_speed_design_assumption","R_HW_5ff95e3729","true","changed","","","roads/R_HW_5ff95e3729;movements/M_HW_12173e2b18;movements/M_HW_91c822c4e1;movements/M_HW_916cabf883;movements/M_HW_7f6f9094a2;movements/M_HW_3a8ed56eff;movements/M_HW_641cfe6769;junctions/J_HW_9d18e52335;resources/RES_J_HW_9d18e52335;sources/SRC_GA01_B_parameter_test"
"hanwha_v02","staticMove_expected_blocked","facilities/F_HW001","false","rejected","STATIC_CONTENTS_REFERENCE","",""
"hudong_v01","name_only_not_geometry","F_HD003","true","changed","","","facilities/F_HD003"
"hudong_v01","node_position","N_HD_efd47bf0d5","true","changed","","","nodes/N_HD_efd47bf0d5;roads/R_HD_b5926a655c;movements/M_HD_ffa4199a63;movements/M_HD_d00c5f67d0;junctions/J_HD_c684c85bce;sources/source_editor_geometry"
"hudong_v01","node_translate","nodes/N_HD_efd47bf0d5","true","changed","","","nodes/N_HD_efd47bf0d5;roads/R_HD_b5926a655c;movements/M_HD_ffa4199a63;movements/M_HD_d00c5f67d0;junctions/J_HD_c684c85bce;sources/source_editor_geometry"
"hudong_v01","road_translate","roads/R_HD_b5926a655c","true","changed","","","nodes/N_HD_c684c85bce;nodes/N_HD_efd47bf0d5;roads/R_HD_b5926a655c;roads/R_HD_3e6eee9943;movements/M_HD_ffa4199a63;movements/M_HD_d00c5f67d0;movements/M_HD_9a4106c782;movements/M_HD_c6a33bf2b3;movements/M_HD_6cfaac9e32;movements/M_HD_09d7639a11;movements/M_HD_10a6ce5a4f;movements/M_HD_45c8be1834;junctions/J_HD_c684c85bce;junctions/J_HD_b9d983c355;resources/RES_J_HD_b9d983c355;sources/source_editor_geometry"
"hudong_v01","road_shapePoints","R_HD_b5926a655c","true","changed","","","roads/R_HD_b5926a655c;movements/M_HD_ffa4199a63;movements/M_HD_d00c5f67d0;junctions/J_HD_c684c85bce;sources/source_editor_geometry"
"hudong_v01","node_rotate","nodes/N_HD_efd47bf0d5","false","rejected","OPERATION_DEPENDENCIES_UNSUPPORTED","",""
"hudong_v01","road_rotate","roads/R_HD_b5926a655c","false","rejected","OPERATION_DEPENDENCIES_UNSUPPORTED","",""
"hudong_v01","zone_boundary","Z_HD001","true","changed","","","zones/Z_HD001;sources/source_editor_geometry"
"hudong_v01","road_direction","R_HD_b5926a655c","true","rejected","ARC_DIRECTION_CONFLICT","/movements/M_HD_d00c5f67d0/outgoingArc","roads/R_HD_b5926a655c;movements/M_HD_ffa4199a63;movements/M_HD_d00c5f67d0;junctions/J_HD_c684c85bce"
"hudong_v01","boundary","F_HD003","true","changed","","","facilities/F_HD003;sources/source_editor_geometry"
"hudong_v01","boundary_translate","facilities/F_HD003","true","changed","","","facilities/F_HD003;sources/source_editor_geometry"
"hudong_v01","boundary_rotate","facilities/F_HD003","true","changed","","","facilities/F_HD003;sources/source_editor_geometry"
"hudong_v01","add_node","N_GA01_probe_add","false","rejected","OPERATION_DEPENDENCIES_UNSUPPORTED","",""
"hudong_v01","copy_boundary","facilities/F_HD003","false","rejected","OPERATION_DEPENDENCIES_UNSUPPORTED","",""
"hudong_v01","delete_boundary","facilities/F_HD003","false","rejected","OPERATION_DEPENDENCIES_UNSUPPORTED","",""
"hudong_v01","split_road","R_HD_b5926a655c","false","rejected","OPERATION_DEPENDENCIES_UNSUPPORTED","",""
"hudong_v01","no_op_boundary","F_HD003","true","no_op","","",""
"hudong_v01","road_widthM_design_assumption","R_HD_b5926a655c","true","changed","","","roads/R_HD_b5926a655c;movements/M_HD_ffa4199a63;movements/M_HD_d00c5f67d0;junctions/J_HD_c684c85bce;sources/SRC_GA01_parameter_probe"
"hudong_v01","road_heightLimitM_design_assumption","R_HD_b5926a655c","true","changed","","","roads/R_HD_b5926a655c;movements/M_HD_ffa4199a63;movements/M_HD_d00c5f67d0;junctions/J_HD_c684c85bce;sources/SRC_GA01_parameter_probe"
"hudong_v01","road_massLimitKg_design_assumption","R_HD_b5926a655c","true","changed","","","roads/R_HD_b5926a655c;movements/M_HD_ffa4199a63;movements/M_HD_d00c5f67d0;junctions/J_HD_c684c85bce;sources/SRC_GA01_parameter_probe"
"hudong_v01","road_speedLimitMps_design_assumption","R_HD_b5926a655c","true","changed","","","roads/R_HD_b5926a655c;movements/M_HD_ffa4199a63;movements/M_HD_d00c5f67d0;junctions/J_HD_c684c85bce;sources/SRC_GA01_parameter_probe"
"hudong_v01","road_width_speed_design_assumption","R_HD_b5926a655c","true","changed","","","roads/R_HD_b5926a655c;movements/M_HD_ffa4199a63;movements/M_HD_d00c5f67d0;junctions/J_HD_c684c85bce;sources/SRC_GA01_B_parameter_test"
"hudong_v01","staticMove_expected_blocked","facilities/F_HD001","false","rejected","STATIC_CONTENTS_REFERENCE","",""
"hudong_v02","name_only_not_geometry","F_HD003","true","changed","","","facilities/F_HD003"
"hudong_v02","node_position","N_HD_efd47bf0d5","true","changed","","","nodes/N_HD_efd47bf0d5;roads/R_HD_b5926a655c;movements/M_HD_ffa4199a63;movements/M_HD_d00c5f67d0;junctions/J_HD_c684c85bce;sources/source_editor_geometry"
"hudong_v02","node_translate","nodes/N_HD_efd47bf0d5","true","changed","","","nodes/N_HD_efd47bf0d5;roads/R_HD_b5926a655c;movements/M_HD_ffa4199a63;movements/M_HD_d00c5f67d0;junctions/J_HD_c684c85bce;sources/source_editor_geometry"
"hudong_v02","road_translate","roads/R_HD_b5926a655c","true","changed","","","nodes/N_HD_c684c85bce;nodes/N_HD_efd47bf0d5;roads/R_HD_b5926a655c;roads/R_HD_3e6eee9943;movements/M_HD_ffa4199a63;movements/M_HD_d00c5f67d0;movements/M_HD_9a4106c782;movements/M_HD_c6a33bf2b3;movements/M_HD_6cfaac9e32;movements/M_HD_09d7639a11;movements/M_HD_10a6ce5a4f;movements/M_HD_45c8be1834;junctions/J_HD_c684c85bce;junctions/J_HD_b9d983c355;resources/RES_J_HD_b9d983c355;sources/source_editor_geometry"
"hudong_v02","road_shapePoints","R_HD_b5926a655c","true","changed","","","roads/R_HD_b5926a655c;movements/M_HD_ffa4199a63;movements/M_HD_d00c5f67d0;junctions/J_HD_c684c85bce;sources/source_editor_geometry"
"hudong_v02","node_rotate","nodes/N_HD_efd47bf0d5","false","rejected","OPERATION_DEPENDENCIES_UNSUPPORTED","",""
"hudong_v02","road_rotate","roads/R_HD_b5926a655c","false","rejected","OPERATION_DEPENDENCIES_UNSUPPORTED","",""
"hudong_v02","zone_boundary","Z_HD001","true","changed","","","zones/Z_HD001;sources/source_editor_geometry"
"hudong_v02","road_direction","R_HD_b5926a655c","true","rejected","ARC_DIRECTION_CONFLICT","/movements/M_HD_d00c5f67d0/outgoingArc","roads/R_HD_b5926a655c;movements/M_HD_ffa4199a63;movements/M_HD_d00c5f67d0;junctions/J_HD_c684c85bce"
"hudong_v02","boundary","F_HD003","true","changed","","","facilities/F_HD003;sources/source_editor_geometry"
"hudong_v02","boundary_translate","facilities/F_HD003","true","changed","","","facilities/F_HD003;sources/source_editor_geometry"
"hudong_v02","boundary_rotate","facilities/F_HD003","true","changed","","","facilities/F_HD003;sources/source_editor_geometry"
"hudong_v02","add_node","N_GA01_probe_add","false","rejected","OPERATION_DEPENDENCIES_UNSUPPORTED","",""
"hudong_v02","copy_boundary","facilities/F_HD003","false","rejected","OPERATION_DEPENDENCIES_UNSUPPORTED","",""
"hudong_v02","delete_boundary","facilities/F_HD003","false","rejected","OPERATION_DEPENDENCIES_UNSUPPORTED","",""
"hudong_v02","split_road","R_HD_b5926a655c","false","rejected","OPERATION_DEPENDENCIES_UNSUPPORTED","",""
"hudong_v02","no_op_boundary","F_HD003","true","no_op","","",""
"hudong_v02","road_widthM_design_assumption","R_HD_b5926a655c","true","changed","","","roads/R_HD_b5926a655c;movements/M_HD_ffa4199a63;movements/M_HD_d00c5f67d0;junctions/J_HD_c684c85bce;sources/SRC_GA01_parameter_probe"
"hudong_v02","road_heightLimitM_design_assumption","R_HD_b5926a655c","true","changed","","","roads/R_HD_b5926a655c;movements/M_HD_ffa4199a63;movements/M_HD_d00c5f67d0;junctions/J_HD_c684c85bce;sources/SRC_GA01_parameter_probe"
"hudong_v02","road_massLimitKg_design_assumption","R_HD_b5926a655c","true","changed","","","roads/R_HD_b5926a655c;movements/M_HD_ffa4199a63;movements/M_HD_d00c5f67d0;junctions/J_HD_c684c85bce;sources/SRC_GA01_parameter_probe"
"hudong_v02","road_speedLimitMps_design_assumption","R_HD_b5926a655c","true","changed","","","roads/R_HD_b5926a655c;movements/M_HD_ffa4199a63;movements/M_HD_d00c5f67d0;junctions/J_HD_c684c85bce;sources/SRC_GA01_parameter_probe"
"hudong_v02","road_width_speed_design_assumption","R_HD_b5926a655c","true","changed","","","roads/R_HD_b5926a655c;movements/M_HD_ffa4199a63;movements/M_HD_d00c5f67d0;junctions/J_HD_c684c85bce;sources/SRC_GA01_B_parameter_test"
"hudong_v02","staticMove_expected_blocked","facilities/F_HD001","false","rejected","STATIC_CONTENTS_REFERENCE","",""
"newtimes_v01","name_only_not_geometry","F_NT010","true","changed","","","facilities/F_NT010"
"newtimes_v01","node_position","N_NT_976f00da59","true","changed","","","nodes/N_NT_976f00da59;roads/R_NT_2661e16750;movements/M_NT_97cc3777fc;movements/M_NT_39300c389a;movements/M_NT_e9fd8a12d8;movements/M_NT_0f1c8bc13e;movements/M_NT_6b07599ac0;movements/M_NT_f5b518ae5c;movements/M_NT_0d943c5f89;movements/M_NT_fab1370043;movements/M_NT_0da48e43ff;movements/M_NT_0cdb38fdcb;movements/M_NT_29eadf34d4;movements/M_NT_78f4fb03b5;junctions/J_NT_3b03a0329b;resources/RES_J_NT_3b03a0329b;sources/source_editor_geometry"
"newtimes_v01","node_translate","nodes/N_NT_976f00da59","true","changed","","","nodes/N_NT_976f00da59;roads/R_NT_2661e16750;movements/M_NT_97cc3777fc;movements/M_NT_39300c389a;movements/M_NT_e9fd8a12d8;movements/M_NT_0f1c8bc13e;movements/M_NT_6b07599ac0;movements/M_NT_f5b518ae5c;movements/M_NT_0d943c5f89;movements/M_NT_fab1370043;movements/M_NT_0da48e43ff;movements/M_NT_0cdb38fdcb;movements/M_NT_29eadf34d4;movements/M_NT_78f4fb03b5;junctions/J_NT_3b03a0329b;resources/RES_J_NT_3b03a0329b;sources/source_editor_geometry"
"newtimes_v01","road_translate","roads/R_NT_2661e16750","true","changed","","","nodes/N_NT_3b03a0329b;nodes/N_NT_976f00da59;roads/R_NT_2661e16750;roads/R_NT_5f4161d837;roads/R_NT_ae612f05e0;roads/R_NT_c748363f1f;movements/M_NT_bc72721914;movements/M_NT_460ca63989;movements/M_NT_70439c6770;movements/M_NT_c230abf308;movements/M_NT_e9cc280803;movements/M_NT_db8109a8c3;movements/M_NT_b8507043eb;movements/M_NT_1016cef8be;movements/M_NT_45235127a3;movements/M_NT_89bfb69170;movements/M_NT_fa446e0ce8;movements/M_NT_c3b20b89c0;movements/M_NT_97cc3777fc;movements/M_NT_39300c389a;movements/M_NT_e9fd8a12d8;movements/M_NT_0f1c8bc13e;movements/M_NT_6b07599ac0;movements/M_NT_f5b518ae5c;movements/M_NT_0d943c5f89;movements/M_NT_fab1370043;movements/M_NT_0da48e43ff;movements/M_NT_0cdb38fdcb;movements/M_NT_29eadf34d4;movements/M_NT_78f4fb03b5;movements/M_NT_b36c3bd83a;movements/M_NT_77df4b543e;movements/M_NT_b90ef74110;movements/M_NT_31425afcdd;movements/M_NT_b526994827;movements/M_NT_8ba0266320;movements/M_NT_bf4051c829;movements/M_NT_330ded1672;movements/M_NT_e00da0c2fd;movements/M_NT_bebd6de490;movements/M_NT_e61cbf4f96;movements/M_NT_961bc95eb1;junctions/J_NT_6db7f8cf87;junctions/J_NT_3b03a0329b;junctions/J_NT_12390af663;junctions/J_NT_2eda3f01f4;resources/RES_J_NT_6db7f8cf87;resources/RES_J_NT_3b03a0329b;resources/RES_J_NT_12390af663;resources/RES_J_NT_2eda3f01f4;sources/source_editor_geometry"
"newtimes_v01","road_shapePoints","R_NT_2661e16750","true","changed","","","roads/R_NT_2661e16750;movements/M_NT_97cc3777fc;movements/M_NT_39300c389a;movements/M_NT_e9fd8a12d8;movements/M_NT_0f1c8bc13e;movements/M_NT_6b07599ac0;movements/M_NT_f5b518ae5c;movements/M_NT_0d943c5f89;movements/M_NT_fab1370043;movements/M_NT_0da48e43ff;movements/M_NT_0cdb38fdcb;movements/M_NT_29eadf34d4;movements/M_NT_78f4fb03b5;junctions/J_NT_3b03a0329b;resources/RES_J_NT_3b03a0329b;sources/source_editor_geometry"
"newtimes_v01","node_rotate","nodes/N_NT_976f00da59","false","rejected","OPERATION_DEPENDENCIES_UNSUPPORTED","",""
"newtimes_v01","road_rotate","roads/R_NT_2661e16750","false","rejected","OPERATION_DEPENDENCIES_UNSUPPORTED","",""
"newtimes_v01","zone_boundary","Z_NT001","true","changed","","","zones/Z_NT001;sources/source_editor_geometry"
"newtimes_v01","road_direction","R_NT_2661e16750","true","rejected","ARC_DIRECTION_CONFLICT","/movements/M_NT_0f1c8bc13e/incomingArc;/movements/M_NT_6b07599ac0/incomingArc;/movements/M_NT_f5b518ae5c/incomingArc","roads/R_NT_2661e16750;movements/M_NT_97cc3777fc;movements/M_NT_39300c389a;movements/M_NT_e9fd8a12d8;movements/M_NT_0f1c8bc13e;movements/M_NT_6b07599ac0;movements/M_NT_f5b518ae5c;movements/M_NT_0d943c5f89;movements/M_NT_fab1370043;movements/M_NT_0da48e43ff;movements/M_NT_0cdb38fdcb;movements/M_NT_29eadf34d4;movements/M_NT_78f4fb03b5;junctions/J_NT_3b03a0329b;resources/RES_J_NT_3b03a0329b"
"newtimes_v01","boundary","F_NT010","true","changed","","","facilities/F_NT010;sources/source_editor_geometry"
"newtimes_v01","boundary_translate","facilities/F_NT010","true","changed","","","facilities/F_NT010;sources/source_editor_geometry"
"newtimes_v01","boundary_rotate","facilities/F_NT010","true","changed","","","facilities/F_NT010;sources/source_editor_geometry"
"newtimes_v01","add_node","N_GA01_probe_add","false","rejected","OPERATION_DEPENDENCIES_UNSUPPORTED","",""
"newtimes_v01","copy_boundary","facilities/F_NT010","false","rejected","OPERATION_DEPENDENCIES_UNSUPPORTED","",""
"newtimes_v01","delete_boundary","facilities/F_NT010","false","rejected","OPERATION_DEPENDENCIES_UNSUPPORTED","",""
"newtimes_v01","split_road","R_NT_2661e16750","false","rejected","OPERATION_DEPENDENCIES_UNSUPPORTED","",""
"newtimes_v01","no_op_boundary","F_NT010","true","no_op","","",""
"newtimes_v01","road_widthM_design_assumption","R_NT_2661e16750","true","changed","","","roads/R_NT_2661e16750;movements/M_NT_97cc3777fc;movements/M_NT_39300c389a;movements/M_NT_e9fd8a12d8;movements/M_NT_0f1c8bc13e;movements/M_NT_6b07599ac0;movements/M_NT_f5b518ae5c;movements/M_NT_0d943c5f89;movements/M_NT_fab1370043;movements/M_NT_0da48e43ff;movements/M_NT_0cdb38fdcb;movements/M_NT_29eadf34d4;movements/M_NT_78f4fb03b5;junctions/J_NT_3b03a0329b;resources/RES_J_NT_3b03a0329b;sources/SRC_GA01_parameter_probe"
"newtimes_v01","road_heightLimitM_design_assumption","R_NT_2661e16750","true","changed","","","roads/R_NT_2661e16750;movements/M_NT_97cc3777fc;movements/M_NT_39300c389a;movements/M_NT_e9fd8a12d8;movements/M_NT_0f1c8bc13e;movements/M_NT_6b07599ac0;movements/M_NT_f5b518ae5c;movements/M_NT_0d943c5f89;movements/M_NT_fab1370043;movements/M_NT_0da48e43ff;movements/M_NT_0cdb38fdcb;movements/M_NT_29eadf34d4;movements/M_NT_78f4fb03b5;junctions/J_NT_3b03a0329b;resources/RES_J_NT_3b03a0329b;sources/SRC_GA01_parameter_probe"
"newtimes_v01","road_massLimitKg_design_assumption","R_NT_2661e16750","true","changed","","","roads/R_NT_2661e16750;movements/M_NT_97cc3777fc;movements/M_NT_39300c389a;movements/M_NT_e9fd8a12d8;movements/M_NT_0f1c8bc13e;movements/M_NT_6b07599ac0;movements/M_NT_f5b518ae5c;movements/M_NT_0d943c5f89;movements/M_NT_fab1370043;movements/M_NT_0da48e43ff;movements/M_NT_0cdb38fdcb;movements/M_NT_29eadf34d4;movements/M_NT_78f4fb03b5;junctions/J_NT_3b03a0329b;resources/RES_J_NT_3b03a0329b;sources/SRC_GA01_parameter_probe"
"newtimes_v01","road_speedLimitMps_design_assumption","R_NT_2661e16750","true","changed","","","roads/R_NT_2661e16750;movements/M_NT_97cc3777fc;movements/M_NT_39300c389a;movements/M_NT_e9fd8a12d8;movements/M_NT_0f1c8bc13e;movements/M_NT_6b07599ac0;movements/M_NT_f5b518ae5c;movements/M_NT_0d943c5f89;movements/M_NT_fab1370043;movements/M_NT_0da48e43ff;movements/M_NT_0cdb38fdcb;movements/M_NT_29eadf34d4;movements/M_NT_78f4fb03b5;junctions/J_NT_3b03a0329b;resources/RES_J_NT_3b03a0329b;sources/SRC_GA01_parameter_probe"
"newtimes_v01","road_width_speed_design_assumption","R_NT_2661e16750","true","changed","","","roads/R_NT_2661e16750;movements/M_NT_97cc3777fc;movements/M_NT_39300c389a;movements/M_NT_e9fd8a12d8;movements/M_NT_0f1c8bc13e;movements/M_NT_6b07599ac0;movements/M_NT_f5b518ae5c;movements/M_NT_0d943c5f89;movements/M_NT_fab1370043;movements/M_NT_0da48e43ff;movements/M_NT_0cdb38fdcb;movements/M_NT_29eadf34d4;movements/M_NT_78f4fb03b5;junctions/J_NT_3b03a0329b;resources/RES_J_NT_3b03a0329b;sources/SRC_GA01_B_parameter_test"
"newtimes_v01","staticMove_expected_blocked","facilities/F_NT001","false","rejected","STATIC_CONTENTS_REFERENCE","",""
"newtimes_v02","name_only_not_geometry","F_NT010","true","changed","","","facilities/F_NT010"
"newtimes_v02","node_position","N_NT_976f00da59","true","changed","","","nodes/N_NT_976f00da59;roads/R_NT_2661e16750;movements/M_NT_97cc3777fc;movements/M_NT_39300c389a;movements/M_NT_e9fd8a12d8;movements/M_NT_0f1c8bc13e;movements/M_NT_6b07599ac0;movements/M_NT_f5b518ae5c;movements/M_NT_0d943c5f89;movements/M_NT_fab1370043;movements/M_NT_0da48e43ff;movements/M_NT_0cdb38fdcb;movements/M_NT_29eadf34d4;movements/M_NT_78f4fb03b5;junctions/J_NT_3b03a0329b;resources/RES_J_NT_3b03a0329b;sources/source_editor_geometry"
"newtimes_v02","node_translate","nodes/N_NT_976f00da59","true","changed","","","nodes/N_NT_976f00da59;roads/R_NT_2661e16750;movements/M_NT_97cc3777fc;movements/M_NT_39300c389a;movements/M_NT_e9fd8a12d8;movements/M_NT_0f1c8bc13e;movements/M_NT_6b07599ac0;movements/M_NT_f5b518ae5c;movements/M_NT_0d943c5f89;movements/M_NT_fab1370043;movements/M_NT_0da48e43ff;movements/M_NT_0cdb38fdcb;movements/M_NT_29eadf34d4;movements/M_NT_78f4fb03b5;junctions/J_NT_3b03a0329b;resources/RES_J_NT_3b03a0329b;sources/source_editor_geometry"
"newtimes_v02","road_translate","roads/R_NT_2661e16750","true","changed","","","nodes/N_NT_3b03a0329b;nodes/N_NT_976f00da59;roads/R_NT_2661e16750;roads/R_NT_5f4161d837;roads/R_NT_ae612f05e0;roads/R_NT_c748363f1f;movements/M_NT_bc72721914;movements/M_NT_460ca63989;movements/M_NT_70439c6770;movements/M_NT_c230abf308;movements/M_NT_e9cc280803;movements/M_NT_db8109a8c3;movements/M_NT_b8507043eb;movements/M_NT_1016cef8be;movements/M_NT_45235127a3;movements/M_NT_89bfb69170;movements/M_NT_fa446e0ce8;movements/M_NT_c3b20b89c0;movements/M_NT_97cc3777fc;movements/M_NT_39300c389a;movements/M_NT_e9fd8a12d8;movements/M_NT_0f1c8bc13e;movements/M_NT_6b07599ac0;movements/M_NT_f5b518ae5c;movements/M_NT_0d943c5f89;movements/M_NT_fab1370043;movements/M_NT_0da48e43ff;movements/M_NT_0cdb38fdcb;movements/M_NT_29eadf34d4;movements/M_NT_78f4fb03b5;movements/M_NT_b36c3bd83a;movements/M_NT_77df4b543e;movements/M_NT_b90ef74110;movements/M_NT_31425afcdd;movements/M_NT_b526994827;movements/M_NT_8ba0266320;movements/M_NT_bf4051c829;movements/M_NT_330ded1672;movements/M_NT_e00da0c2fd;movements/M_NT_bebd6de490;movements/M_NT_e61cbf4f96;movements/M_NT_961bc95eb1;junctions/J_NT_6db7f8cf87;junctions/J_NT_3b03a0329b;junctions/J_NT_12390af663;junctions/J_NT_2eda3f01f4;resources/RES_J_NT_6db7f8cf87;resources/RES_J_NT_3b03a0329b;resources/RES_J_NT_12390af663;resources/RES_J_NT_2eda3f01f4;sources/source_editor_geometry"
"newtimes_v02","road_shapePoints","R_NT_2661e16750","true","changed","","","roads/R_NT_2661e16750;movements/M_NT_97cc3777fc;movements/M_NT_39300c389a;movements/M_NT_e9fd8a12d8;movements/M_NT_0f1c8bc13e;movements/M_NT_6b07599ac0;movements/M_NT_f5b518ae5c;movements/M_NT_0d943c5f89;movements/M_NT_fab1370043;movements/M_NT_0da48e43ff;movements/M_NT_0cdb38fdcb;movements/M_NT_29eadf34d4;movements/M_NT_78f4fb03b5;junctions/J_NT_3b03a0329b;resources/RES_J_NT_3b03a0329b;sources/source_editor_geometry"
"newtimes_v02","node_rotate","nodes/N_NT_976f00da59","false","rejected","OPERATION_DEPENDENCIES_UNSUPPORTED","",""
"newtimes_v02","road_rotate","roads/R_NT_2661e16750","false","rejected","OPERATION_DEPENDENCIES_UNSUPPORTED","",""
"newtimes_v02","zone_boundary","Z_NT001","true","changed","","","zones/Z_NT001;sources/source_editor_geometry"
"newtimes_v02","road_direction","R_NT_2661e16750","true","rejected","ARC_DIRECTION_CONFLICT","/movements/M_NT_0f1c8bc13e/incomingArc;/movements/M_NT_6b07599ac0/incomingArc;/movements/M_NT_f5b518ae5c/incomingArc","roads/R_NT_2661e16750;movements/M_NT_97cc3777fc;movements/M_NT_39300c389a;movements/M_NT_e9fd8a12d8;movements/M_NT_0f1c8bc13e;movements/M_NT_6b07599ac0;movements/M_NT_f5b518ae5c;movements/M_NT_0d943c5f89;movements/M_NT_fab1370043;movements/M_NT_0da48e43ff;movements/M_NT_0cdb38fdcb;movements/M_NT_29eadf34d4;movements/M_NT_78f4fb03b5;junctions/J_NT_3b03a0329b;resources/RES_J_NT_3b03a0329b"
"newtimes_v02","boundary","F_NT010","true","changed","","","facilities/F_NT010;sources/source_editor_geometry"
"newtimes_v02","boundary_translate","facilities/F_NT010","true","changed","","","facilities/F_NT010;sources/source_editor_geometry"
"newtimes_v02","boundary_rotate","facilities/F_NT010","true","changed","","","facilities/F_NT010;sources/source_editor_geometry"
"newtimes_v02","add_node","N_GA01_probe_add","false","rejected","OPERATION_DEPENDENCIES_UNSUPPORTED","",""
"newtimes_v02","copy_boundary","facilities/F_NT010","false","rejected","OPERATION_DEPENDENCIES_UNSUPPORTED","",""
"newtimes_v02","delete_boundary","facilities/F_NT010","false","rejected","OPERATION_DEPENDENCIES_UNSUPPORTED","",""
"newtimes_v02","split_road","R_NT_2661e16750","false","rejected","OPERATION_DEPENDENCIES_UNSUPPORTED","",""
"newtimes_v02","no_op_boundary","F_NT010","true","no_op","","",""
"newtimes_v02","road_widthM_design_assumption","R_NT_2661e16750","true","changed","","","roads/R_NT_2661e16750;movements/M_NT_97cc3777fc;movements/M_NT_39300c389a;movements/M_NT_e9fd8a12d8;movements/M_NT_0f1c8bc13e;movements/M_NT_6b07599ac0;movements/M_NT_f5b518ae5c;movements/M_NT_0d943c5f89;movements/M_NT_fab1370043;movements/M_NT_0da48e43ff;movements/M_NT_0cdb38fdcb;movements/M_NT_29eadf34d4;movements/M_NT_78f4fb03b5;junctions/J_NT_3b03a0329b;resources/RES_J_NT_3b03a0329b;sources/SRC_GA01_parameter_probe"
"newtimes_v02","road_heightLimitM_design_assumption","R_NT_2661e16750","true","changed","","","roads/R_NT_2661e16750;movements/M_NT_97cc3777fc;movements/M_NT_39300c389a;movements/M_NT_e9fd8a12d8;movements/M_NT_0f1c8bc13e;movements/M_NT_6b07599ac0;movements/M_NT_f5b518ae5c;movements/M_NT_0d943c5f89;movements/M_NT_fab1370043;movements/M_NT_0da48e43ff;movements/M_NT_0cdb38fdcb;movements/M_NT_29eadf34d4;movements/M_NT_78f4fb03b5;junctions/J_NT_3b03a0329b;resources/RES_J_NT_3b03a0329b;sources/SRC_GA01_parameter_probe"
"newtimes_v02","road_massLimitKg_design_assumption","R_NT_2661e16750","true","changed","","","roads/R_NT_2661e16750;movements/M_NT_97cc3777fc;movements/M_NT_39300c389a;movements/M_NT_e9fd8a12d8;movements/M_NT_0f1c8bc13e;movements/M_NT_6b07599ac0;movements/M_NT_f5b518ae5c;movements/M_NT_0d943c5f89;movements/M_NT_fab1370043;movements/M_NT_0da48e43ff;movements/M_NT_0cdb38fdcb;movements/M_NT_29eadf34d4;movements/M_NT_78f4fb03b5;junctions/J_NT_3b03a0329b;resources/RES_J_NT_3b03a0329b;sources/SRC_GA01_parameter_probe"
"newtimes_v02","road_speedLimitMps_design_assumption","R_NT_2661e16750","true","changed","","","roads/R_NT_2661e16750;movements/M_NT_97cc3777fc;movements/M_NT_39300c389a;movements/M_NT_e9fd8a12d8;movements/M_NT_0f1c8bc13e;movements/M_NT_6b07599ac0;movements/M_NT_f5b518ae5c;movements/M_NT_0d943c5f89;movements/M_NT_fab1370043;movements/M_NT_0da48e43ff;movements/M_NT_0cdb38fdcb;movements/M_NT_29eadf34d4;movements/M_NT_78f4fb03b5;junctions/J_NT_3b03a0329b;resources/RES_J_NT_3b03a0329b;sources/SRC_GA01_parameter_probe"
"newtimes_v02","road_width_speed_design_assumption","R_NT_2661e16750","true","changed","","","roads/R_NT_2661e16750;movements/M_NT_97cc3777fc;movements/M_NT_39300c389a;movements/M_NT_e9fd8a12d8;movements/M_NT_0f1c8bc13e;movements/M_NT_6b07599ac0;movements/M_NT_f5b518ae5c;movements/M_NT_0d943c5f89;movements/M_NT_fab1370043;movements/M_NT_0da48e43ff;movements/M_NT_0cdb38fdcb;movements/M_NT_29eadf34d4;movements/M_NT_78f4fb03b5;junctions/J_NT_3b03a0329b;resources/RES_J_NT_3b03a0329b;sources/SRC_GA01_B_parameter_test"
"newtimes_v02","staticMove_expected_blocked","facilities/F_NT001","false","rejected","STATIC_CONTENTS_REFERENCE","",""
"samho_v01","name_only_not_geometry","F_SH020","true","changed","","","facilities/F_SH020"
"samho_v01","node_position","N_SH_9bdd2f744a","true","changed","","","nodes/N_SH_9bdd2f744a;roads/R_SH_9d5524dd32;movements/M_SH_58f44df029;movements/M_SH_04c6092d48;movements/M_SH_153b1c22b4;movements/M_SH_075c0100c2;movements/M_SH_c16061fbf3;movements/M_SH_a3564cee90;movements/M_SH_9ad9dc591b;movements/M_SH_28dc082643;movements/M_SH_69056624f0;movements/M_SH_8f008c8d12;movements/M_SH_3699f605ba;movements/M_SH_11e9bfee25;junctions/J_SH_2f2eff73eb;resources/RES_J_SH_2f2eff73eb;sources/source_editor_geometry"
"samho_v01","node_translate","nodes/N_SH_9bdd2f744a","true","changed","","","nodes/N_SH_9bdd2f744a;roads/R_SH_9d5524dd32;movements/M_SH_58f44df029;movements/M_SH_04c6092d48;movements/M_SH_153b1c22b4;movements/M_SH_075c0100c2;movements/M_SH_c16061fbf3;movements/M_SH_a3564cee90;movements/M_SH_9ad9dc591b;movements/M_SH_28dc082643;movements/M_SH_69056624f0;movements/M_SH_8f008c8d12;movements/M_SH_3699f605ba;movements/M_SH_11e9bfee25;junctions/J_SH_2f2eff73eb;resources/RES_J_SH_2f2eff73eb;sources/source_editor_geometry"
"samho_v01","road_translate","roads/R_SH_9d5524dd32","true","changed","","","nodes/N_SH_2f2eff73eb;nodes/N_SH_9bdd2f744a;roads/R_SH_9d5524dd32;roads/R_SH_146ec2860f;roads/R_SH_21e4c4d87e;roads/R_SH_a2c256af49;movements/M_SH_58f44df029;movements/M_SH_04c6092d48;movements/M_SH_153b1c22b4;movements/M_SH_075c0100c2;movements/M_SH_c16061fbf3;movements/M_SH_a3564cee90;movements/M_SH_9ad9dc591b;movements/M_SH_28dc082643;movements/M_SH_69056624f0;movements/M_SH_8f008c8d12;movements/M_SH_3699f605ba;movements/M_SH_11e9bfee25;movements/M_SH_208eb567ee;movements/M_SH_61ccdc1d42;movements/M_SH_fa484d385f;movements/M_SH_27579e8cb4;movements/M_SH_e2bdbf3ee6;movements/M_SH_e5436bcd43;junctions/J_SH_2f2eff73eb;junctions/J_SH_0bec99c897;resources/RES_J_SH_2f2eff73eb;resources/RES_J_SH_0bec99c897;sources/source_editor_geometry"
"samho_v01","road_shapePoints","R_SH_9d5524dd32","true","changed","","","roads/R_SH_9d5524dd32;movements/M_SH_58f44df029;movements/M_SH_04c6092d48;movements/M_SH_153b1c22b4;movements/M_SH_075c0100c2;movements/M_SH_c16061fbf3;movements/M_SH_a3564cee90;movements/M_SH_9ad9dc591b;movements/M_SH_28dc082643;movements/M_SH_69056624f0;movements/M_SH_8f008c8d12;movements/M_SH_3699f605ba;movements/M_SH_11e9bfee25;junctions/J_SH_2f2eff73eb;resources/RES_J_SH_2f2eff73eb;sources/source_editor_geometry"
"samho_v01","node_rotate","nodes/N_SH_9bdd2f744a","false","rejected","OPERATION_DEPENDENCIES_UNSUPPORTED","",""
"samho_v01","road_rotate","roads/R_SH_9d5524dd32","false","rejected","OPERATION_DEPENDENCIES_UNSUPPORTED","",""
"samho_v01","zone_boundary","Z_SH001","true","changed","","","zones/Z_SH001;sources/source_editor_geometry"
"samho_v01","road_direction","R_SH_9d5524dd32","true","rejected","ARC_DIRECTION_CONFLICT","/movements/M_SH_075c0100c2/outgoingArc;/movements/M_SH_9ad9dc591b/outgoingArc;/movements/M_SH_8f008c8d12/outgoingArc","roads/R_SH_9d5524dd32;movements/M_SH_58f44df029;movements/M_SH_04c6092d48;movements/M_SH_153b1c22b4;movements/M_SH_075c0100c2;movements/M_SH_c16061fbf3;movements/M_SH_a3564cee90;movements/M_SH_9ad9dc591b;movements/M_SH_28dc082643;movements/M_SH_69056624f0;movements/M_SH_8f008c8d12;movements/M_SH_3699f605ba;movements/M_SH_11e9bfee25;junctions/J_SH_2f2eff73eb;resources/RES_J_SH_2f2eff73eb"
"samho_v01","boundary","F_SH020","true","changed","","","facilities/F_SH020;sources/source_editor_geometry"
"samho_v01","boundary_translate","facilities/F_SH020","true","changed","","","facilities/F_SH020;sources/source_editor_geometry"
"samho_v01","boundary_rotate","facilities/F_SH020","true","changed","","","facilities/F_SH020;sources/source_editor_geometry"
"samho_v01","add_node","N_GA01_probe_add","false","rejected","OPERATION_DEPENDENCIES_UNSUPPORTED","",""
"samho_v01","copy_boundary","facilities/F_SH020","false","rejected","OPERATION_DEPENDENCIES_UNSUPPORTED","",""
"samho_v01","delete_boundary","facilities/F_SH020","false","rejected","OPERATION_DEPENDENCIES_UNSUPPORTED","",""
"samho_v01","split_road","R_SH_9d5524dd32","false","rejected","OPERATION_DEPENDENCIES_UNSUPPORTED","",""
"samho_v01","no_op_boundary","F_SH020","true","no_op","","",""
"samho_v01","road_widthM_design_assumption","R_SH_9d5524dd32","true","changed","","","roads/R_SH_9d5524dd32;movements/M_SH_58f44df029;movements/M_SH_04c6092d48;movements/M_SH_153b1c22b4;movements/M_SH_075c0100c2;movements/M_SH_c16061fbf3;movements/M_SH_a3564cee90;movements/M_SH_9ad9dc591b;movements/M_SH_28dc082643;movements/M_SH_69056624f0;movements/M_SH_8f008c8d12;movements/M_SH_3699f605ba;movements/M_SH_11e9bfee25;junctions/J_SH_2f2eff73eb;resources/RES_J_SH_2f2eff73eb;sources/SRC_GA01_parameter_probe"
"samho_v01","road_heightLimitM_design_assumption","R_SH_9d5524dd32","true","changed","","","roads/R_SH_9d5524dd32;movements/M_SH_58f44df029;movements/M_SH_04c6092d48;movements/M_SH_153b1c22b4;movements/M_SH_075c0100c2;movements/M_SH_c16061fbf3;movements/M_SH_a3564cee90;movements/M_SH_9ad9dc591b;movements/M_SH_28dc082643;movements/M_SH_69056624f0;movements/M_SH_8f008c8d12;movements/M_SH_3699f605ba;movements/M_SH_11e9bfee25;junctions/J_SH_2f2eff73eb;resources/RES_J_SH_2f2eff73eb;sources/SRC_GA01_parameter_probe"
"samho_v01","road_massLimitKg_design_assumption","R_SH_9d5524dd32","true","changed","","","roads/R_SH_9d5524dd32;movements/M_SH_58f44df029;movements/M_SH_04c6092d48;movements/M_SH_153b1c22b4;movements/M_SH_075c0100c2;movements/M_SH_c16061fbf3;movements/M_SH_a3564cee90;movements/M_SH_9ad9dc591b;movements/M_SH_28dc082643;movements/M_SH_69056624f0;movements/M_SH_8f008c8d12;movements/M_SH_3699f605ba;movements/M_SH_11e9bfee25;junctions/J_SH_2f2eff73eb;resources/RES_J_SH_2f2eff73eb;sources/SRC_GA01_parameter_probe"
"samho_v01","road_speedLimitMps_design_assumption","R_SH_9d5524dd32","true","changed","","","roads/R_SH_9d5524dd32;movements/M_SH_58f44df029;movements/M_SH_04c6092d48;movements/M_SH_153b1c22b4;movements/M_SH_075c0100c2;movements/M_SH_c16061fbf3;movements/M_SH_a3564cee90;movements/M_SH_9ad9dc591b;movements/M_SH_28dc082643;movements/M_SH_69056624f0;movements/M_SH_8f008c8d12;movements/M_SH_3699f605ba;movements/M_SH_11e9bfee25;junctions/J_SH_2f2eff73eb;resources/RES_J_SH_2f2eff73eb;sources/SRC_GA01_parameter_probe"
"samho_v01","road_width_speed_design_assumption","R_SH_9d5524dd32","true","changed","","","roads/R_SH_9d5524dd32;movements/M_SH_58f44df029;movements/M_SH_04c6092d48;movements/M_SH_153b1c22b4;movements/M_SH_075c0100c2;movements/M_SH_c16061fbf3;movements/M_SH_a3564cee90;movements/M_SH_9ad9dc591b;movements/M_SH_28dc082643;movements/M_SH_69056624f0;movements/M_SH_8f008c8d12;movements/M_SH_3699f605ba;movements/M_SH_11e9bfee25;junctions/J_SH_2f2eff73eb;resources/RES_J_SH_2f2eff73eb;sources/SRC_GA01_B_parameter_test"
"samho_v01","staticMove_expected_blocked","facilities/F_SH001","false","rejected","STATIC_CONTENTS_REFERENCE","",""
"samho_v02","name_only_not_geometry","F_SH020","true","changed","","","facilities/F_SH020"
"samho_v02","node_position","N_SH_9bdd2f744a","true","changed","","","nodes/N_SH_9bdd2f744a;roads/R_SH_9d5524dd32;movements/M_SH_58f44df029;movements/M_SH_04c6092d48;movements/M_SH_153b1c22b4;movements/M_SH_075c0100c2;movements/M_SH_c16061fbf3;movements/M_SH_a3564cee90;movements/M_SH_9ad9dc591b;movements/M_SH_28dc082643;movements/M_SH_69056624f0;movements/M_SH_8f008c8d12;movements/M_SH_3699f605ba;movements/M_SH_11e9bfee25;junctions/J_SH_2f2eff73eb;resources/RES_J_SH_2f2eff73eb;sources/source_editor_geometry"
"samho_v02","node_translate","nodes/N_SH_9bdd2f744a","true","changed","","","nodes/N_SH_9bdd2f744a;roads/R_SH_9d5524dd32;movements/M_SH_58f44df029;movements/M_SH_04c6092d48;movements/M_SH_153b1c22b4;movements/M_SH_075c0100c2;movements/M_SH_c16061fbf3;movements/M_SH_a3564cee90;movements/M_SH_9ad9dc591b;movements/M_SH_28dc082643;movements/M_SH_69056624f0;movements/M_SH_8f008c8d12;movements/M_SH_3699f605ba;movements/M_SH_11e9bfee25;junctions/J_SH_2f2eff73eb;resources/RES_J_SH_2f2eff73eb;sources/source_editor_geometry"
"samho_v02","road_translate","roads/R_SH_9d5524dd32","true","changed","","","nodes/N_SH_2f2eff73eb;nodes/N_SH_9bdd2f744a;roads/R_SH_9d5524dd32;roads/R_SH_146ec2860f;roads/R_SH_21e4c4d87e;roads/R_SH_a2c256af49;movements/M_SH_58f44df029;movements/M_SH_04c6092d48;movements/M_SH_153b1c22b4;movements/M_SH_075c0100c2;movements/M_SH_c16061fbf3;movements/M_SH_a3564cee90;movements/M_SH_9ad9dc591b;movements/M_SH_28dc082643;movements/M_SH_69056624f0;movements/M_SH_8f008c8d12;movements/M_SH_3699f605ba;movements/M_SH_11e9bfee25;movements/M_SH_208eb567ee;movements/M_SH_61ccdc1d42;movements/M_SH_fa484d385f;movements/M_SH_27579e8cb4;movements/M_SH_e2bdbf3ee6;movements/M_SH_e5436bcd43;junctions/J_SH_2f2eff73eb;junctions/J_SH_0bec99c897;resources/RES_J_SH_2f2eff73eb;resources/RES_J_SH_0bec99c897;sources/source_editor_geometry"
"samho_v02","road_shapePoints","R_SH_9d5524dd32","true","changed","","","roads/R_SH_9d5524dd32;movements/M_SH_58f44df029;movements/M_SH_04c6092d48;movements/M_SH_153b1c22b4;movements/M_SH_075c0100c2;movements/M_SH_c16061fbf3;movements/M_SH_a3564cee90;movements/M_SH_9ad9dc591b;movements/M_SH_28dc082643;movements/M_SH_69056624f0;movements/M_SH_8f008c8d12;movements/M_SH_3699f605ba;movements/M_SH_11e9bfee25;junctions/J_SH_2f2eff73eb;resources/RES_J_SH_2f2eff73eb;sources/source_editor_geometry"
"samho_v02","node_rotate","nodes/N_SH_9bdd2f744a","false","rejected","OPERATION_DEPENDENCIES_UNSUPPORTED","",""
"samho_v02","road_rotate","roads/R_SH_9d5524dd32","false","rejected","OPERATION_DEPENDENCIES_UNSUPPORTED","",""
"samho_v02","zone_boundary","Z_SH001","true","changed","","","zones/Z_SH001;sources/source_editor_geometry"
"samho_v02","road_direction","R_SH_9d5524dd32","true","rejected","ARC_DIRECTION_CONFLICT","/movements/M_SH_075c0100c2/outgoingArc;/movements/M_SH_9ad9dc591b/outgoingArc;/movements/M_SH_8f008c8d12/outgoingArc","roads/R_SH_9d5524dd32;movements/M_SH_58f44df029;movements/M_SH_04c6092d48;movements/M_SH_153b1c22b4;movements/M_SH_075c0100c2;movements/M_SH_c16061fbf3;movements/M_SH_a3564cee90;movements/M_SH_9ad9dc591b;movements/M_SH_28dc082643;movements/M_SH_69056624f0;movements/M_SH_8f008c8d12;movements/M_SH_3699f605ba;movements/M_SH_11e9bfee25;junctions/J_SH_2f2eff73eb;resources/RES_J_SH_2f2eff73eb"
"samho_v02","boundary","F_SH020","true","changed","","","facilities/F_SH020;sources/source_editor_geometry"
"samho_v02","boundary_translate","facilities/F_SH020","true","changed","","","facilities/F_SH020;sources/source_editor_geometry"
"samho_v02","boundary_rotate","facilities/F_SH020","true","changed","","","facilities/F_SH020;sources/source_editor_geometry"
"samho_v02","add_node","N_GA01_probe_add","false","rejected","OPERATION_DEPENDENCIES_UNSUPPORTED","",""
"samho_v02","copy_boundary","facilities/F_SH020","false","rejected","OPERATION_DEPENDENCIES_UNSUPPORTED","",""
"samho_v02","delete_boundary","facilities/F_SH020","false","rejected","OPERATION_DEPENDENCIES_UNSUPPORTED","",""
"samho_v02","split_road","R_SH_9d5524dd32","false","rejected","OPERATION_DEPENDENCIES_UNSUPPORTED","",""
"samho_v02","no_op_boundary","F_SH020","true","no_op","","",""
"samho_v02","road_widthM_design_assumption","R_SH_9d5524dd32","true","changed","","","roads/R_SH_9d5524dd32;movements/M_SH_58f44df029;movements/M_SH_04c6092d48;movements/M_SH_153b1c22b4;movements/M_SH_075c0100c2;movements/M_SH_c16061fbf3;movements/M_SH_a3564cee90;movements/M_SH_9ad9dc591b;movements/M_SH_28dc082643;movements/M_SH_69056624f0;movements/M_SH_8f008c8d12;movements/M_SH_3699f605ba;movements/M_SH_11e9bfee25;junctions/J_SH_2f2eff73eb;resources/RES_J_SH_2f2eff73eb;sources/SRC_GA01_parameter_probe"
"samho_v02","road_heightLimitM_design_assumption","R_SH_9d5524dd32","true","changed","","","roads/R_SH_9d5524dd32;movements/M_SH_58f44df029;movements/M_SH_04c6092d48;movements/M_SH_153b1c22b4;movements/M_SH_075c0100c2;movements/M_SH_c16061fbf3;movements/M_SH_a3564cee90;movements/M_SH_9ad9dc591b;movements/M_SH_28dc082643;movements/M_SH_69056624f0;movements/M_SH_8f008c8d12;movements/M_SH_3699f605ba;movements/M_SH_11e9bfee25;junctions/J_SH_2f2eff73eb;resources/RES_J_SH_2f2eff73eb;sources/SRC_GA01_parameter_probe"
"samho_v02","road_massLimitKg_design_assumption","R_SH_9d5524dd32","true","changed","","","roads/R_SH_9d5524dd32;movements/M_SH_58f44df029;movements/M_SH_04c6092d48;movements/M_SH_153b1c22b4;movements/M_SH_075c0100c2;movements/M_SH_c16061fbf3;movements/M_SH_a3564cee90;movements/M_SH_9ad9dc591b;movements/M_SH_28dc082643;movements/M_SH_69056624f0;movements/M_SH_8f008c8d12;movements/M_SH_3699f605ba;movements/M_SH_11e9bfee25;junctions/J_SH_2f2eff73eb;resources/RES_J_SH_2f2eff73eb;sources/SRC_GA01_parameter_probe"
"samho_v02","road_speedLimitMps_design_assumption","R_SH_9d5524dd32","true","changed","","","roads/R_SH_9d5524dd32;movements/M_SH_58f44df029;movements/M_SH_04c6092d48;movements/M_SH_153b1c22b4;movements/M_SH_075c0100c2;movements/M_SH_c16061fbf3;movements/M_SH_a3564cee90;movements/M_SH_9ad9dc591b;movements/M_SH_28dc082643;movements/M_SH_69056624f0;movements/M_SH_8f008c8d12;movements/M_SH_3699f605ba;movements/M_SH_11e9bfee25;junctions/J_SH_2f2eff73eb;resources/RES_J_SH_2f2eff73eb;sources/SRC_GA01_parameter_probe"
"samho_v02","road_width_speed_design_assumption","R_SH_9d5524dd32","true","changed","","","roads/R_SH_9d5524dd32;movements/M_SH_58f44df029;movements/M_SH_04c6092d48;movements/M_SH_153b1c22b4;movements/M_SH_075c0100c2;movements/M_SH_c16061fbf3;movements/M_SH_a3564cee90;movements/M_SH_9ad9dc591b;movements/M_SH_28dc082643;movements/M_SH_69056624f0;movements/M_SH_8f008c8d12;movements/M_SH_3699f605ba;movements/M_SH_11e9bfee25;junctions/J_SH_2f2eff73eb;resources/RES_J_SH_2f2eff73eb;sources/SRC_GA01_B_parameter_test"
"samho_v02","staticMove_expected_blocked","facilities/F_SH001","false","rejected","STATIC_CONTENTS_REFERENCE","",""
"weihai_v01","name_only_not_geometry","F_RD","true","changed","","","facilities/F_RD"
"weihai_v01","node_position","N_0102","true","changed","","","nodes/N_0102;roads/R_0046;movements/M_00259;movements/M_00260;movements/M_00261;movements/M_00262;movements/M_00263;movements/M_00264;junctions/J_N_0132;sources/source_editor_geometry"
"weihai_v01","node_translate","nodes/N_0102","true","changed","","","nodes/N_0102;roads/R_0046;movements/M_00259;movements/M_00260;movements/M_00261;movements/M_00262;movements/M_00263;movements/M_00264;junctions/J_N_0132;sources/source_editor_geometry"
"weihai_v01","road_translate","roads/R_0046","true","changed","","","nodes/N_0102;nodes/N_0132;roads/R_0046;roads/R_0045;roads/R_0108;movements/M_00253;movements/M_00254;movements/M_00255;movements/M_00256;movements/M_00257;movements/M_00258;movements/M_00259;movements/M_00260;movements/M_00261;movements/M_00262;movements/M_00263;movements/M_00264;movements/M_00427;movements/M_00428;junctions/J_N_0131;junctions/J_N_0132;junctions/J_N_0025;sources/source_editor_geometry"
"weihai_v01","road_shapePoints","R_0046","true","changed","","","roads/R_0046;movements/M_00259;movements/M_00260;movements/M_00261;movements/M_00262;movements/M_00263;movements/M_00264;junctions/J_N_0132;sources/source_editor_geometry"
"weihai_v01","node_rotate","nodes/N_0102","false","rejected","OPERATION_DEPENDENCIES_UNSUPPORTED","",""
"weihai_v01","road_rotate","roads/R_0046","false","rejected","OPERATION_DEPENDENCIES_UNSUPPORTED","",""
"weihai_v01","zone_boundary","Z_GREEN","true","changed","","","zones/Z_GREEN;sources/source_editor_geometry"
"weihai_v01","road_direction","R_0046","true","rejected","ARC_DIRECTION_CONFLICT","/movements/M_00261/incomingArc;/movements/M_00262/incomingArc","roads/R_0046;movements/M_00259;movements/M_00260;movements/M_00261;movements/M_00262;movements/M_00263;movements/M_00264;junctions/J_N_0132"
"weihai_v01","boundary","F_RD","true","changed","","","facilities/F_RD;sources/source_editor_geometry"
"weihai_v01","boundary_translate","facilities/F_RD","true","changed","","","facilities/F_RD;sources/source_editor_geometry"
"weihai_v01","boundary_rotate","facilities/F_RD","true","changed","","","facilities/F_RD;sources/source_editor_geometry"
"weihai_v01","add_node","N_GA01_probe_add","false","rejected","OPERATION_DEPENDENCIES_UNSUPPORTED","",""
"weihai_v01","copy_boundary","facilities/F_RD","false","rejected","OPERATION_DEPENDENCIES_UNSUPPORTED","",""
"weihai_v01","delete_boundary","facilities/F_RD","false","rejected","OPERATION_DEPENDENCIES_UNSUPPORTED","",""
"weihai_v01","split_road","R_0046","false","rejected","OPERATION_DEPENDENCIES_UNSUPPORTED","",""
"weihai_v01","no_op_boundary","F_RD","true","no_op","","",""
"weihai_v01","road_widthM_design_assumption","R_0046","true","changed","","","roads/R_0046;movements/M_00259;movements/M_00260;movements/M_00261;movements/M_00262;movements/M_00263;movements/M_00264;junctions/J_N_0132;sources/SRC_GA01_parameter_probe"
"weihai_v01","road_heightLimitM_design_assumption","R_0046","true","changed","","","roads/R_0046;movements/M_00259;movements/M_00260;movements/M_00261;movements/M_00262;movements/M_00263;movements/M_00264;junctions/J_N_0132;sources/SRC_GA01_parameter_probe"
"weihai_v01","road_massLimitKg_design_assumption","R_0046","true","changed","","","roads/R_0046;movements/M_00259;movements/M_00260;movements/M_00261;movements/M_00262;movements/M_00263;movements/M_00264;junctions/J_N_0132;sources/SRC_GA01_parameter_probe"
"weihai_v01","road_speedLimitMps_design_assumption","R_0046","true","changed","","","roads/R_0046;movements/M_00259;movements/M_00260;movements/M_00261;movements/M_00262;movements/M_00263;movements/M_00264;junctions/J_N_0132;sources/SRC_GA01_parameter_probe"
"weihai_v01","road_width_speed_design_assumption","R_0046","true","changed","","","roads/R_0046;movements/M_00259;movements/M_00260;movements/M_00261;movements/M_00262;movements/M_00263;movements/M_00264;junctions/J_N_0132;sources/SRC_GA01_B_parameter_test"
"weihai_v01","staticMove_expected_blocked","facilities/F_BLOCK","false","rejected","STATIC_SHARED_NODE","/nodes/N_0001",""
"weihai_v02","name_only_not_geometry","F_RD","true","changed","","","facilities/F_RD"
"weihai_v02","node_position","N_0102","true","changed","","","nodes/N_0102;roads/R_0046;movements/M_00259;movements/M_00260;movements/M_00261;movements/M_00262;movements/M_00263;movements/M_00264;junctions/J_N_0132;sources/source_editor_geometry"
"weihai_v02","node_translate","nodes/N_0102","true","changed","","","nodes/N_0102;roads/R_0046;movements/M_00259;movements/M_00260;movements/M_00261;movements/M_00262;movements/M_00263;movements/M_00264;junctions/J_N_0132;sources/source_editor_geometry"
"weihai_v02","road_translate","roads/R_0046","true","changed","","","nodes/N_0102;nodes/N_0132;roads/R_0046;roads/R_0045;roads/R_0108;movements/M_00253;movements/M_00254;movements/M_00255;movements/M_00256;movements/M_00257;movements/M_00258;movements/M_00259;movements/M_00260;movements/M_00261;movements/M_00262;movements/M_00263;movements/M_00264;movements/M_00427;movements/M_00428;junctions/J_N_0131;junctions/J_N_0132;junctions/J_N_0025;sources/source_editor_geometry"
"weihai_v02","road_shapePoints","R_0046","true","changed","","","roads/R_0046;movements/M_00259;movements/M_00260;movements/M_00261;movements/M_00262;movements/M_00263;movements/M_00264;junctions/J_N_0132;sources/source_editor_geometry"
"weihai_v02","node_rotate","nodes/N_0102","false","rejected","OPERATION_DEPENDENCIES_UNSUPPORTED","",""
"weihai_v02","road_rotate","roads/R_0046","false","rejected","OPERATION_DEPENDENCIES_UNSUPPORTED","",""
"weihai_v02","zone_boundary","Z_GREEN","true","changed","","","zones/Z_GREEN;sources/source_editor_geometry"
"weihai_v02","road_direction","R_0046","true","rejected","ARC_DIRECTION_CONFLICT","/movements/M_00261/incomingArc;/movements/M_00262/incomingArc","roads/R_0046;movements/M_00259;movements/M_00260;movements/M_00261;movements/M_00262;movements/M_00263;movements/M_00264;junctions/J_N_0132"
"weihai_v02","boundary","F_RD","true","changed","","","facilities/F_RD;sources/source_editor_geometry"
"weihai_v02","boundary_translate","facilities/F_RD","true","changed","","","facilities/F_RD;sources/source_editor_geometry"
"weihai_v02","boundary_rotate","facilities/F_RD","true","changed","","","facilities/F_RD;sources/source_editor_geometry"
"weihai_v02","add_node","N_GA01_probe_add","false","rejected","OPERATION_DEPENDENCIES_UNSUPPORTED","",""
"weihai_v02","copy_boundary","facilities/F_RD","false","rejected","OPERATION_DEPENDENCIES_UNSUPPORTED","",""
"weihai_v02","delete_boundary","facilities/F_RD","false","rejected","OPERATION_DEPENDENCIES_UNSUPPORTED","",""
"weihai_v02","split_road","R_0046","false","rejected","OPERATION_DEPENDENCIES_UNSUPPORTED","",""
"weihai_v02","no_op_boundary","F_RD","true","no_op","","",""
"weihai_v02","road_widthM_design_assumption","R_0046","true","changed","","","roads/R_0046;movements/M_00259;movements/M_00260;movements/M_00261;movements/M_00262;movements/M_00263;movements/M_00264;junctions/J_N_0132;sources/SRC_GA01_parameter_probe"
"weihai_v02","road_heightLimitM_design_assumption","R_0046","true","changed","","","roads/R_0046;movements/M_00259;movements/M_00260;movements/M_00261;movements/M_00262;movements/M_00263;movements/M_00264;junctions/J_N_0132;sources/SRC_GA01_parameter_probe"
"weihai_v02","road_massLimitKg_design_assumption","R_0046","true","changed","","","roads/R_0046;movements/M_00259;movements/M_00260;movements/M_00261;movements/M_00262;movements/M_00263;movements/M_00264;junctions/J_N_0132;sources/SRC_GA01_parameter_probe"
"weihai_v02","road_speedLimitMps_design_assumption","R_0046","true","changed","","","roads/R_0046;movements/M_00259;movements/M_00260;movements/M_00261;movements/M_00262;movements/M_00263;movements/M_00264;junctions/J_N_0132;sources/SRC_GA01_parameter_probe"
"weihai_v02","road_width_speed_design_assumption","R_0046","true","changed","","","roads/R_0046;movements/M_00259;movements/M_00260;movements/M_00261;movements/M_00262;movements/M_00263;movements/M_00264;junctions/J_N_0132;sources/SRC_GA01_B_parameter_test"
"weihai_v02","staticMove_expected_blocked","facilities/F_BLOCK","false","rejected","STATIC_SHARED_NODE","/nodes/N_0001",""
"xinyangzi_v01","name_only_not_geometry","F_XY039","true","changed","","","facilities/F_XY039"
"xinyangzi_v01","node_position","N_XY_c28e352ead","true","changed","","","nodes/N_XY_c28e352ead;roads/R_XY_9e7dcc41dc;movements/M_XY_75bbffafe1;movements/M_XY_2d55a267f8;junctions/J_XY_8937e5816b;sources/source_editor_geometry"
"xinyangzi_v01","node_translate","nodes/N_XY_c28e352ead","true","changed","","","nodes/N_XY_c28e352ead;roads/R_XY_9e7dcc41dc;movements/M_XY_75bbffafe1;movements/M_XY_2d55a267f8;junctions/J_XY_8937e5816b;sources/source_editor_geometry"
"xinyangzi_v01","road_translate","roads/R_XY_9e7dcc41dc","true","changed","","","nodes/N_XY_8937e5816b;nodes/N_XY_c28e352ead;roads/R_XY_9e7dcc41dc;roads/R_XY_18ee7fffab;movements/M_XY_75bbffafe1;movements/M_XY_2d55a267f8;movements/M_XY_434505ae9e;movements/M_XY_1d1ee4a930;movements/M_XY_b37c12818e;movements/M_XY_1862409258;movements/M_XY_e91ade3873;movements/M_XY_52dc5e506d;junctions/J_XY_8937e5816b;junctions/J_XY_1d88204103;resources/RES_J_XY_1d88204103;sources/source_editor_geometry"
"xinyangzi_v01","road_shapePoints","R_XY_9e7dcc41dc","true","changed","","","roads/R_XY_9e7dcc41dc;movements/M_XY_75bbffafe1;movements/M_XY_2d55a267f8;junctions/J_XY_8937e5816b;sources/source_editor_geometry"
"xinyangzi_v01","node_rotate","nodes/N_XY_c28e352ead","false","rejected","OPERATION_DEPENDENCIES_UNSUPPORTED","",""
"xinyangzi_v01","road_rotate","roads/R_XY_9e7dcc41dc","false","rejected","OPERATION_DEPENDENCIES_UNSUPPORTED","",""
"xinyangzi_v01","zone_boundary","Z_XY001","true","changed","","","zones/Z_XY001;sources/source_editor_geometry"
"xinyangzi_v01","road_direction","R_XY_9e7dcc41dc","true","rejected","ARC_DIRECTION_CONFLICT","/movements/M_XY_75bbffafe1/incomingArc","roads/R_XY_9e7dcc41dc;movements/M_XY_75bbffafe1;movements/M_XY_2d55a267f8;junctions/J_XY_8937e5816b"
"xinyangzi_v01","boundary","F_XY039","true","changed","","","facilities/F_XY039;sources/source_editor_geometry"
"xinyangzi_v01","boundary_translate","facilities/F_XY039","true","changed","","","facilities/F_XY039;sources/source_editor_geometry"
"xinyangzi_v01","boundary_rotate","facilities/F_XY039","true","changed","","","facilities/F_XY039;sources/source_editor_geometry"
"xinyangzi_v01","add_node","N_GA01_probe_add","false","rejected","OPERATION_DEPENDENCIES_UNSUPPORTED","",""
"xinyangzi_v01","copy_boundary","facilities/F_XY039","false","rejected","OPERATION_DEPENDENCIES_UNSUPPORTED","",""
"xinyangzi_v01","delete_boundary","facilities/F_XY039","false","rejected","OPERATION_DEPENDENCIES_UNSUPPORTED","",""
"xinyangzi_v01","split_road","R_XY_9e7dcc41dc","false","rejected","OPERATION_DEPENDENCIES_UNSUPPORTED","",""
"xinyangzi_v01","no_op_boundary","F_XY039","true","no_op","","",""
"xinyangzi_v01","road_widthM_design_assumption","R_XY_9e7dcc41dc","true","changed","","","roads/R_XY_9e7dcc41dc;movements/M_XY_75bbffafe1;movements/M_XY_2d55a267f8;junctions/J_XY_8937e5816b;sources/SRC_GA01_parameter_probe"
"xinyangzi_v01","road_heightLimitM_design_assumption","R_XY_9e7dcc41dc","true","changed","","","roads/R_XY_9e7dcc41dc;movements/M_XY_75bbffafe1;movements/M_XY_2d55a267f8;junctions/J_XY_8937e5816b;sources/SRC_GA01_parameter_probe"
"xinyangzi_v01","road_massLimitKg_design_assumption","R_XY_9e7dcc41dc","true","changed","","","roads/R_XY_9e7dcc41dc;movements/M_XY_75bbffafe1;movements/M_XY_2d55a267f8;junctions/J_XY_8937e5816b;sources/SRC_GA01_parameter_probe"
"xinyangzi_v01","road_speedLimitMps_design_assumption","R_XY_9e7dcc41dc","true","changed","","","roads/R_XY_9e7dcc41dc;movements/M_XY_75bbffafe1;movements/M_XY_2d55a267f8;junctions/J_XY_8937e5816b;sources/SRC_GA01_parameter_probe"
"xinyangzi_v01","road_width_speed_design_assumption","R_XY_9e7dcc41dc","true","changed","","","roads/R_XY_9e7dcc41dc;movements/M_XY_75bbffafe1;movements/M_XY_2d55a267f8;junctions/J_XY_8937e5816b;sources/SRC_GA01_B_parameter_test"
"xinyangzi_v01","staticMove_expected_blocked","facilities/F_XY003","false","rejected","STATIC_SHARED_NODE","/nodes/N_XY_9186534057",""
"xinyangzi_v02","name_only_not_geometry","F_XY049","true","changed","","","facilities/F_XY049"
"xinyangzi_v02","node_position","N_MR_bbe938799550","true","changed","","","nodes/N_MR_bbe938799550;roads/R_MR_34f5bdcf41f0;movements/M_MR_9a66c0b04175;movements/M_MR_ccc741ebc063;movements/M_MR_f699d2d74a82;movements/M_MR_4fb30ab9a053;movements/M_MR_0ac288ca18a9;movements/M_MR_259805a04947;movements/M_MR_fe9f84ac7790;movements/M_MR_4ef45cabb966;movements/M_MR_90fd8089855c;movements/M_MR_d5ea61f13049;movements/M_MR_180c8d8d3445;movements/M_MR_fca906bb605e;junctions/J_MR_12f3c960f8ee;sources/source_editor_geometry"
"xinyangzi_v02","node_translate","nodes/N_MR_bbe938799550","true","changed","","","nodes/N_MR_bbe938799550;roads/R_MR_34f5bdcf41f0;movements/M_MR_9a66c0b04175;movements/M_MR_ccc741ebc063;movements/M_MR_f699d2d74a82;movements/M_MR_4fb30ab9a053;movements/M_MR_0ac288ca18a9;movements/M_MR_259805a04947;movements/M_MR_fe9f84ac7790;movements/M_MR_4ef45cabb966;movements/M_MR_90fd8089855c;movements/M_MR_d5ea61f13049;movements/M_MR_180c8d8d3445;movements/M_MR_fca906bb605e;junctions/J_MR_12f3c960f8ee;sources/source_editor_geometry"
"xinyangzi_v02","road_translate","roads/R_MR_34f5bdcf41f0","true","changed","","","nodes/N_MR_583e982caebd;nodes/N_MR_bbe938799550;roads/R_MR_34f5bdcf41f0;roads/R_MR_ade58f02fffa;roads/R_MR_089379efc2e5;roads/R_MR_1cf951609a69;movements/M_MR_e94c04a4e991;movements/M_MR_dc29ae750f62;movements/M_MR_69fdab8142be;movements/M_MR_5e4c5167c580;movements/M_MR_4c8c8916a980;movements/M_MR_01ca425d7126;movements/M_MR_9a66c0b04175;movements/M_MR_ccc741ebc063;movements/M_MR_f699d2d74a82;movements/M_MR_4fb30ab9a053;movements/M_MR_0ac288ca18a9;movements/M_MR_259805a04947;movements/M_MR_fe9f84ac7790;movements/M_MR_4ef45cabb966;movements/M_MR_90fd8089855c;movements/M_MR_d5ea61f13049;movements/M_MR_180c8d8d3445;movements/M_MR_fca906bb605e;movements/M_MR_5b27a3f7357e;movements/M_MR_8881d39fb346;movements/M_MR_91d50e9a172e;movements/M_MR_cec37ce781f2;movements/M_MR_0eaac60e0783;movements/M_MR_3733a4dd1094;movements/M_MR_60301f634496;movements/M_MR_7e268aa9c5d5;movements/M_MR_aa984835f18a;movements/M_MR_1d84417f35aa;movements/M_MR_a12931db4326;movements/M_MR_bd73e02182fa;movements/M_MR_c27125f7d391;movements/M_MR_100cadd99206;junctions/J_MR_663a84548639;junctions/J_MR_12f3c960f8ee;junctions/J_MR_b1d9273b640a;junctions/J_MR_ae0ee8fcf4dc;sources/source_editor_geometry"
"xinyangzi_v02","road_shapePoints","R_MR_34f5bdcf41f0","true","changed","","","roads/R_MR_34f5bdcf41f0;movements/M_MR_9a66c0b04175;movements/M_MR_ccc741ebc063;movements/M_MR_f699d2d74a82;movements/M_MR_4fb30ab9a053;movements/M_MR_0ac288ca18a9;movements/M_MR_259805a04947;movements/M_MR_fe9f84ac7790;movements/M_MR_4ef45cabb966;movements/M_MR_90fd8089855c;movements/M_MR_d5ea61f13049;movements/M_MR_180c8d8d3445;movements/M_MR_fca906bb605e;junctions/J_MR_12f3c960f8ee;sources/source_editor_geometry"
"xinyangzi_v02","node_rotate","nodes/N_MR_bbe938799550","false","rejected","OPERATION_DEPENDENCIES_UNSUPPORTED","",""
"xinyangzi_v02","road_rotate","roads/R_MR_34f5bdcf41f0","false","rejected","OPERATION_DEPENDENCIES_UNSUPPORTED","",""
"xinyangzi_v02","zone_boundary","Z_XY_R004","true","changed","","","zones/Z_XY_R004;sources/source_editor_geometry"
"xinyangzi_v02","road_direction","R_MR_34f5bdcf41f0","true","rejected","ARC_DIRECTION_CONFLICT","/movements/M_MR_4fb30ab9a053/incomingArc;/movements/M_MR_0ac288ca18a9/incomingArc;/movements/M_MR_259805a04947/incomingArc","roads/R_MR_34f5bdcf41f0;movements/M_MR_9a66c0b04175;movements/M_MR_ccc741ebc063;movements/M_MR_f699d2d74a82;movements/M_MR_4fb30ab9a053;movements/M_MR_0ac288ca18a9;movements/M_MR_259805a04947;movements/M_MR_fe9f84ac7790;movements/M_MR_4ef45cabb966;movements/M_MR_90fd8089855c;movements/M_MR_d5ea61f13049;movements/M_MR_180c8d8d3445;movements/M_MR_fca906bb605e;junctions/J_MR_12f3c960f8ee"
"xinyangzi_v02","boundary","F_XY049","true","changed","","","facilities/F_XY049;sources/source_editor_geometry"
"xinyangzi_v02","boundary_translate","facilities/F_XY049","true","changed","","","facilities/F_XY049;sources/source_editor_geometry"
"xinyangzi_v02","boundary_rotate","facilities/F_XY049","true","changed","","","facilities/F_XY049;sources/source_editor_geometry"
"xinyangzi_v02","add_node","N_GA01_probe_add","false","rejected","OPERATION_DEPENDENCIES_UNSUPPORTED","",""
"xinyangzi_v02","copy_boundary","facilities/F_XY049","false","rejected","OPERATION_DEPENDENCIES_UNSUPPORTED","",""
"xinyangzi_v02","delete_boundary","facilities/F_XY049","false","rejected","OPERATION_DEPENDENCIES_UNSUPPORTED","",""
"xinyangzi_v02","split_road","R_MR_34f5bdcf41f0","false","rejected","OPERATION_DEPENDENCIES_UNSUPPORTED","",""
"xinyangzi_v02","no_op_boundary","F_XY049","true","no_op","","",""
"xinyangzi_v02","road_widthM_design_assumption","R_MR_34f5bdcf41f0","true","changed","","","roads/R_MR_34f5bdcf41f0;movements/M_MR_9a66c0b04175;movements/M_MR_ccc741ebc063;movements/M_MR_f699d2d74a82;movements/M_MR_4fb30ab9a053;movements/M_MR_0ac288ca18a9;movements/M_MR_259805a04947;movements/M_MR_fe9f84ac7790;movements/M_MR_4ef45cabb966;movements/M_MR_90fd8089855c;movements/M_MR_d5ea61f13049;movements/M_MR_180c8d8d3445;movements/M_MR_fca906bb605e;junctions/J_MR_12f3c960f8ee;sources/SRC_GA01_parameter_probe"
"xinyangzi_v02","road_heightLimitM_design_assumption","R_MR_34f5bdcf41f0","true","changed","","","roads/R_MR_34f5bdcf41f0;movements/M_MR_9a66c0b04175;movements/M_MR_ccc741ebc063;movements/M_MR_f699d2d74a82;movements/M_MR_4fb30ab9a053;movements/M_MR_0ac288ca18a9;movements/M_MR_259805a04947;movements/M_MR_fe9f84ac7790;movements/M_MR_4ef45cabb966;movements/M_MR_90fd8089855c;movements/M_MR_d5ea61f13049;movements/M_MR_180c8d8d3445;movements/M_MR_fca906bb605e;junctions/J_MR_12f3c960f8ee;sources/SRC_GA01_parameter_probe"
"xinyangzi_v02","road_massLimitKg_design_assumption","R_MR_34f5bdcf41f0","true","changed","","","roads/R_MR_34f5bdcf41f0;movements/M_MR_9a66c0b04175;movements/M_MR_ccc741ebc063;movements/M_MR_f699d2d74a82;movements/M_MR_4fb30ab9a053;movements/M_MR_0ac288ca18a9;movements/M_MR_259805a04947;movements/M_MR_fe9f84ac7790;movements/M_MR_4ef45cabb966;movements/M_MR_90fd8089855c;movements/M_MR_d5ea61f13049;movements/M_MR_180c8d8d3445;movements/M_MR_fca906bb605e;junctions/J_MR_12f3c960f8ee;sources/SRC_GA01_parameter_probe"
"xinyangzi_v02","road_speedLimitMps_design_assumption","R_MR_34f5bdcf41f0","true","changed","","","roads/R_MR_34f5bdcf41f0;movements/M_MR_9a66c0b04175;movements/M_MR_ccc741ebc063;movements/M_MR_f699d2d74a82;movements/M_MR_4fb30ab9a053;movements/M_MR_0ac288ca18a9;movements/M_MR_259805a04947;movements/M_MR_fe9f84ac7790;movements/M_MR_4ef45cabb966;movements/M_MR_90fd8089855c;movements/M_MR_d5ea61f13049;movements/M_MR_180c8d8d3445;movements/M_MR_fca906bb605e;junctions/J_MR_12f3c960f8ee;sources/SRC_GA01_parameter_probe"
"xinyangzi_v02","road_width_speed_design_assumption","R_MR_34f5bdcf41f0","true","changed","","","roads/R_MR_34f5bdcf41f0;movements/M_MR_9a66c0b04175;movements/M_MR_ccc741ebc063;movements/M_MR_f699d2d74a82;movements/M_MR_4fb30ab9a053;movements/M_MR_0ac288ca18a9;movements/M_MR_259805a04947;movements/M_MR_fe9f84ac7790;movements/M_MR_4ef45cabb966;movements/M_MR_90fd8089855c;movements/M_MR_d5ea61f13049;movements/M_MR_180c8d8d3445;movements/M_MR_fca906bb605e;junctions/J_MR_12f3c960f8ee;sources/SRC_GA01_B_parameter_test"
"dalian_v02","staticMove","","not_applicable","not_applicable_no_slots","","",""
"geoje_v02","staticMove","","not_applicable","not_applicable_no_slots","","",""
"xinyangzi_v02","staticMove","","not_applicable","not_applicable_no_slots","","",""
